Transaction_ID,Producer_ID,Buyer_ID,Energy_Produced_kWh,Energy_Sold_kWh,Price_per_kWh,Total_Amount,Transaction_Timestamp,Fraudulent_Flag,Device_Malfunction,Weather_Anomaly,Energy_Consumption_Deviation
TXN00001,52,320,72.8,56.44,0.13,11.89,2024-01-01 00:00:00,0,0,0,-14.25
TXN00002,93,226,114.93,63.1,0.18,48.46,2024-01-01 01:00:00,0,0,0,8.4
TXN00003,15,443,112.91,62.09,0.26,37.17,2024-01-01 02:00:00,0,0,0,1.35
TXN00004,72,440,143.27,82.14,0.18,35.26,2024-01-01 03:00:00,0,0,0,-14.25
TXN00005,61,315,93.84,105.99,0.25,20.82,2024-01-01 04:00:00,0,0,0,-19.63
TXN00006,21,365,104.38,113.47,0.13,19.95,2024-01-01 05:00:00,0,0,0,12.33
TXN00007,83,454,104.99,89.57,0.25,47.68,2024-01-01 06:00:00,1,0,0,-12.95
TXN00008,87,229,131.55,87.51,0.15,21.93,2024-01-01 07:00:00,0,0,0,4.25
TXN00009,75,377,98.09,52.98,0.24,41.02,2024-01-01 08:00:00,0,0,0,-6.52
TXN00010,75,289,105.58,71.86,0.21,25.72,2024-01-01 09:00:00,0,0,0,3.42
TXN00011,88,437,112.16,68.18,0.29,15.57,2024-01-01 10:00:00,0,0,0,-7.37
TXN00012,24,150,103.73,70.69,0.18,10.43,2024-01-01 11:00:00,1,0,0,-16.52
TXN00013,3,277,91.07,77.48,0.11,31.77,2024-01-01 12:00:00,0,0,0,-11.08
TXN00014,22,198,103.88,72.92,0.1,49.03,2024-01-01 13:00:00,0,0,0,-12.48
TXN00015,53,70,121.47,50.31,0.27,24.77,2024-01-01 14:00:00,0,0,0,-2.88
TXN00016,2,112,79.47,91.22,0.2,24.29,2024-01-01 15:00:00,0,0,0,6.33
TXN00017,88,4,102.66,63.91,0.26,23.76,2024-01-01 16:00:00,0,0,0,-9.45
TXN00018,30,350,86.0,83.59,0.15,30.82,2024-01-01 17:00:00,0,0,0,-19.52
TXN00019,38,331,123.9,111.11,0.17,27.63,2024-01-01 18:00:00,0,0,0,0.76
TXN00020,2,446,69.54,66.21,0.11,45.2,2024-01-01 19:00:00,0,0,0,4.23
TXN00021,64,318,88.82,42.05,0.29,30.22,2024-01-01 20:00:00,0,0,0,18.51
TXN00022,60,350,107.54,75.71,0.23,30.31,2024-01-01 21:00:00,0,0,0,3.58
TXN00023,21,95,131.31,96.51,0.29,15.53,2024-01-01 22:00:00,1,0,0,-1.15
TXN00024,33,152,98.68,109.38,0.15,49.31,2024-01-01 23:00:00,0,0,0,2.94
TXN00025,76,311,88.9,61.56,0.22,20.0,2024-01-02 00:00:00,0,0,1,17.12
TXN00026,58,137,137.62,87.45,0.24,12.93,2024-01-02 01:00:00,0,0,0,13.14
TXN00027,22,247,71.04,73.02,0.16,36.53,2024-01-02 02:00:00,0,0,0,-7.08
TXN00028,89,387,56.02,78.41,0.27,33.81,2024-01-02 03:00:00,0,0,0,-10.51
TXN00029,49,243,108.8,119.67,0.29,26.61,2024-01-02 04:00:00,1,0,0,-9.49
TXN00030,91,31,89.96,57.46,0.28,26.89,2024-01-02 05:00:00,0,0,0,0.18
TXN00031,59,40,79.58,83.81,0.25,41.4,2024-01-02 06:00:00,0,0,0,9.76
TXN00032,42,229,114.17,87.02,0.16,17.83,2024-01-02 07:00:00,0,0,0,0.13
TXN00033,92,36,104.88,96.29,0.16,42.81,2024-01-02 08:00:00,0,0,0,-17.29
TXN00034,60,408,88.72,81.47,0.29,35.95,2024-01-02 09:00:00,1,0,0,8.94
TXN00035,80,223,74.39,84.62,0.1,26.76,2024-01-02 10:00:00,0,0,0,12.24
TXN00036,15,6,117.45,74.13,0.24,28.32,2024-01-02 11:00:00,1,0,0,-8.42
TXN00037,62,322,113.0,84.04,0.24,20.27,2024-01-02 12:00:00,0,0,0,6.57
TXN00038,62,468,98.02,74.85,0.22,40.08,2024-01-02 13:00:00,1,0,0,-2.94
TXN00039,47,220,136.93,89.32,0.3,30.51,2024-01-02 14:00:00,0,0,0,15.56
TXN00040,62,75,78.6,74.46,0.16,22.83,2024-01-02 15:00:00,0,0,0,13.81
TXN00041,51,4,69.49,85.66,0.17,33.84,2024-01-02 16:00:00,0,0,0,1.02
TXN00042,55,335,86.16,79.56,0.12,49.83,2024-01-02 17:00:00,0,0,0,7.66
TXN00043,64,134,99.09,96.89,0.19,27.41,2024-01-02 18:00:00,0,0,0,15.33
TXN00044,3,118,104.87,79.23,0.15,46.83,2024-01-02 19:00:00,0,0,1,-0.17
TXN00045,51,369,95.18,53.4,0.17,23.8,2024-01-02 20:00:00,0,0,0,-7.47
TXN00046,7,94,107.04,98.93,0.27,12.19,2024-01-02 21:00:00,0,0,0,10.15
TXN00047,21,486,74.97,66.41,0.29,18.17,2024-01-02 22:00:00,0,0,0,-11.2
TXN00048,73,435,128.88,70.19,0.14,26.75,2024-01-02 23:00:00,0,0,0,-4.46
TXN00049,39,62,98.36,71.07,0.17,18.79,2024-01-03 00:00:00,0,0,0,14.63
TXN00050,18,441,122.35,100.62,0.29,10.01,2024-01-03 01:00:00,0,0,0,8.98
TXN00051,4,194,106.85,47.96,0.11,46.6,2024-01-03 02:00:00,0,0,0,-3.85
TXN00052,89,335,109.14,127.07,0.12,43.76,2024-01-03 03:00:00,0,0,0,-11.41
TXN00053,60,203,111.4,95.84,0.13,39.69,2024-01-03 04:00:00,0,1,0,-5.76
TXN00054,14,392,108.95,83.35,0.22,16.71,2024-01-03 05:00:00,1,0,0,-8.64
TXN00055,9,26,112.85,79.18,0.13,14.81,2024-01-03 06:00:00,0,0,0,-12.96
TXN00056,90,435,126.58,84.28,0.29,12.7,2024-01-03 07:00:00,0,0,0,9.73
TXN00057,53,173,103.93,87.82,0.19,38.96,2024-01-03 08:00:00,0,0,0,-9.92
TXN00058,2,300,114.18,89.68,0.2,47.15,2024-01-03 09:00:00,0,0,0,-1.83
TXN00059,84,133,98.21,88.33,0.15,27.22,2024-01-03 10:00:00,0,0,0,-4.57
TXN00060,92,326,128.8,81.34,0.19,14.77,2024-01-03 11:00:00,0,0,0,19.28
TXN00061,60,410,86.47,77.04,0.23,30.5,2024-01-03 12:00:00,0,0,0,-4.36
TXN00062,71,118,136.02,77.73,0.25,23.95,2024-01-03 13:00:00,0,0,0,-16.8
TXN00063,44,324,99.2,77.08,0.25,24.99,2024-01-03 14:00:00,0,0,0,-16.41
TXN00064,8,275,71.38,97.01,0.22,34.85,2024-01-03 15:00:00,0,0,0,3.63
TXN00065,47,212,102.56,88.9,0.28,38.75,2024-01-03 16:00:00,0,0,0,3.97
TXN00066,35,225,86.38,35.89,0.26,14.42,2024-01-03 17:00:00,0,0,0,-3.25
TXN00067,78,20,116.81,89.84,0.25,11.42,2024-01-03 18:00:00,0,0,0,-2.73
TXN00068,81,113,86.95,82.92,0.11,49.77,2024-01-03 19:00:00,1,0,0,-17.84
TXN00069,36,140,91.08,79.72,0.1,19.31,2024-01-03 20:00:00,0,0,0,0.66
TXN00070,50,47,62.21,74.17,0.14,12.15,2024-01-03 21:00:00,0,1,0,0.19
TXN00071,4,1,90.95,96.86,0.23,17.6,2024-01-03 22:00:00,0,0,0,-14.02
TXN00072,2,90,51.52,94.21,0.18,11.56,2024-01-03 23:00:00,1,0,0,-15.85
TXN00073,6,142,68.32,68.41,0.18,25.67,2024-01-04 00:00:00,1,1,0,-15.06
TXN00074,54,320,115.21,86.11,0.28,42.1,2024-01-04 01:00:00,0,0,0,-15.96
TXN00075,4,38,115.72,65.43,0.28,23.65,2024-01-04 02:00:00,0,0,0,4.39
TXN00076,54,293,108.51,59.31,0.28,27.77,2024-01-04 03:00:00,0,0,0,-12.14
TXN00077,93,382,80.66,70.6,0.16,37.02,2024-01-04 04:00:00,0,0,0,-9.94
TXN00078,63,139,99.05,92.94,0.24,30.36,2024-01-04 05:00:00,0,0,0,-13.06
TXN00079,18,356,99.93,94.3,0.15,44.46,2024-01-04 06:00:00,1,0,0,18.31
TXN00080,90,333,76.83,87.7,0.14,44.64,2024-01-04 07:00:00,0,0,0,14.18
TXN00081,44,491,130.07,90.88,0.14,10.4,2024-01-04 08:00:00,0,0,0,-10.78
TXN00082,34,259,117.55,87.74,0.17,41.12,2024-01-04 09:00:00,0,0,0,-6.9
TXN00083,74,161,95.58,70.38,0.19,28.43,2024-01-04 10:00:00,0,1,0,-11.6
TXN00084,62,390,100.54,86.48,0.27,49.55,2024-01-04 11:00:00,0,0,0,-0.32
TXN00085,14,178,104.17,92.01,0.12,29.33,2024-01-04 12:00:00,0,0,0,-19.22
TXN00086,95,10,59.17,91.31,0.25,49.48,2024-01-04 13:00:00,1,0,0,6.85
TXN00087,48,261,95.06,97.83,0.21,40.18,2024-01-04 14:00:00,1,0,0,0.93
TXN00088,15,407,86.36,90.62,0.16,19.94,2024-01-04 15:00:00,0,0,0,15.95
TXN00089,72,138,79.97,85.27,0.2,31.54,2024-01-04 16:00:00,0,0,0,-13.42
TXN00090,78,172,94.38,96.05,0.16,49.69,2024-01-04 17:00:00,0,0,0,12.16
TXN00091,87,386,135.95,79.6,0.22,44.3,2024-01-04 18:00:00,0,1,0,11.68
TXN00092,62,13,112.82,66.77,0.19,13.89,2024-01-04 19:00:00,0,0,0,-14.91
TXN00093,40,168,88.58,77.55,0.13,38.25,2024-01-04 20:00:00,0,0,0,-4.06
TXN00094,85,130,111.45,68.83,0.12,23.82,2024-01-04 21:00:00,1,0,0,-13.19
TXN00095,80,84,127.99,69.87,0.21,10.28,2024-01-04 22:00:00,0,0,0,-9.81
TXN00096,82,321,118.49,77.83,0.28,26.14,2024-01-04 23:00:00,0,0,0,-9.47
TXN00097,53,319,101.19,68.11,0.17,19.39,2024-01-05 00:00:00,0,0,0,2.25
TXN00098,24,101,87.06,75.38,0.25,42.75,2024-01-05 01:00:00,0,0,0,-3.54
TXN00099,26,329,113.96,51.6,0.23,23.49,2024-01-05 02:00:00,0,0,0,17.91
TXN00100,89,273,107.87,83.2,0.29,43.1,2024-01-05 03:00:00,0,0,0,-14.95
TXN00101,60,265,117.9,80.02,0.26,10.02,2024-01-05 04:00:00,0,0,0,18.95
TXN00102,41,459,112.7,67.74,0.21,22.31,2024-01-05 05:00:00,0,0,0,-10.77
TXN00103,29,399,120.99,89.89,0.23,19.65,2024-01-05 06:00:00,0,1,0,10.91
TXN00104,15,408,89.3,94.06,0.28,19.34,2024-01-05 07:00:00,0,0,0,-6.44
TXN00105,45,38,126.35,55.89,0.18,12.73,2024-01-05 08:00:00,0,0,0,-14.28
TXN00106,65,419,103.95,68.56,0.17,17.48,2024-01-05 09:00:00,0,0,0,14.32
TXN00107,89,94,141.51,68.46,0.1,32.22,2024-01-05 10:00:00,0,0,0,-7.65
TXN00108,71,95,86.22,65.9,0.27,21.65,2024-01-05 11:00:00,0,0,0,6.35
TXN00109,9,305,134.72,92.44,0.26,26.7,2024-01-05 12:00:00,0,0,0,2.66
TXN00110,88,69,103.96,77.09,0.12,25.07,2024-01-05 13:00:00,1,0,0,-1.13
TXN00111,1,318,86.97,76.03,0.22,45.04,2024-01-05 14:00:00,0,0,0,-0.17
TXN00112,8,444,90.32,49.94,0.19,46.21,2024-01-05 15:00:00,0,0,0,9.29
TXN00113,88,236,93.59,89.53,0.12,29.72,2024-01-05 16:00:00,1,0,0,-16.49
TXN00114,63,434,108.48,61.41,0.3,23.21,2024-01-05 17:00:00,0,0,0,6.73
TXN00115,11,334,110.46,80.9,0.14,14.27,2024-01-05 18:00:00,0,0,0,15.83
TXN00116,81,373,88.53,84.16,0.11,48.14,2024-01-05 19:00:00,0,0,0,-17.69
TXN00117,8,376,99.51,100.41,0.22,12.41,2024-01-05 20:00:00,1,0,0,-14.37
TXN00118,35,459,142.85,60.37,0.25,21.91,2024-01-05 21:00:00,1,0,0,8.67
TXN00119,35,137,134.55,34.71,0.11,21.92,2024-01-05 22:00:00,0,0,0,-2.51
TXN00120,33,418,108.73,82.76,0.23,22.82,2024-01-05 23:00:00,0,0,0,-3.86
TXN00121,5,76,100.76,107.01,0.21,16.57,2024-01-06 00:00:00,0,1,0,-14.52
TXN00122,41,483,102.4,98.58,0.12,41.33,2024-01-06 01:00:00,1,0,0,0.27
TXN00123,28,35,112.27,83.14,0.13,14.9,2024-01-06 02:00:00,1,0,0,-14.94
TXN00124,7,1,79.54,72.63,0.21,35.4,2024-01-06 03:00:00,0,0,0,-0.94
TXN00125,73,296,94.85,92.11,0.16,14.95,2024-01-06 04:00:00,0,0,0,10.54
TXN00126,72,320,66.63,65.4,0.29,12.82,2024-01-06 05:00:00,0,0,0,-9.67
TXN00127,12,406,107.98,87.15,0.26,46.38,2024-01-06 06:00:00,0,0,1,-0.77
TXN00128,34,60,112.94,87.58,0.3,17.61,2024-01-06 07:00:00,0,0,0,19.68
TXN00129,33,320,90.34,95.9,0.15,42.85,2024-01-06 08:00:00,0,0,0,7.47
TXN00130,48,349,131.48,121.39,0.29,31.79,2024-01-06 09:00:00,0,0,0,13.65
TXN00131,23,328,75.48,85.89,0.19,13.11,2024-01-06 10:00:00,0,0,0,-3.41
TXN00132,62,267,70.71,72.37,0.17,48.22,2024-01-06 11:00:00,1,0,0,10.71
TXN00133,88,361,104.49,79.62,0.11,19.88,2024-01-06 12:00:00,0,0,0,-18.38
TXN00134,37,229,120.94,53.46,0.11,44.39,2024-01-06 13:00:00,0,0,0,-15.08
TXN00135,99,270,133.68,69.58,0.24,16.75,2024-01-06 14:00:00,0,0,0,-11.88
TXN00136,44,316,90.82,73.86,0.19,44.16,2024-01-06 15:00:00,1,0,0,-3.92
TXN00137,86,286,121.57,72.14,0.15,10.53,2024-01-06 16:00:00,0,0,0,13.83
TXN00138,91,291,99.23,82.29,0.22,30.47,2024-01-06 17:00:00,0,0,0,-6.15
TXN00139,35,213,96.55,67.66,0.15,40.78,2024-01-06 18:00:00,0,0,0,6.18
TXN00140,65,165,117.67,96.82,0.22,47.39,2024-01-06 19:00:00,0,0,0,8.37
TXN00141,99,5,113.05,80.0,0.17,46.37,2024-01-06 20:00:00,0,0,0,3.45
TXN00142,47,339,68.47,79.86,0.26,42.78,2024-01-06 21:00:00,0,0,0,-5.71
TXN00143,78,379,129.53,75.08,0.26,45.53,2024-01-06 22:00:00,1,0,0,3.08
TXN00144,3,78,127.6,82.33,0.2,17.97,2024-01-06 23:00:00,0,0,0,-6.31
TXN00145,1,410,87.49,92.38,0.17,21.37,2024-01-07 00:00:00,0,0,0,-16.65
TXN00146,5,62,107.92,66.99,0.17,21.56,2024-01-07 01:00:00,0,0,0,19.71
TXN00147,90,132,109.88,70.13,0.26,25.08,2024-01-07 02:00:00,0,1,0,-14.91
TXN00148,14,89,105.21,75.44,0.17,25.73,2024-01-07 03:00:00,0,1,0,-17.11
TXN00149,27,237,88.99,59.81,0.14,31.78,2024-01-07 04:00:00,0,0,0,15.14
TXN00150,9,42,86.57,67.71,0.12,16.4,2024-01-07 05:00:00,0,0,0,-7.93
TXN00151,79,89,99.49,72.86,0.19,37.65,2024-01-07 06:00:00,0,0,0,6.01
TXN00152,15,402,123.45,93.12,0.2,16.7,2024-01-07 07:00:00,0,0,0,-6.84
TXN00153,90,296,110.87,83.94,0.27,22.41,2024-01-07 08:00:00,0,0,0,-4.34
TXN00154,42,328,92.59,82.9,0.14,30.13,2024-01-07 09:00:00,0,0,0,-9.52
TXN00155,77,295,115.43,92.76,0.18,41.86,2024-01-07 10:00:00,1,0,0,-6.28
TXN00156,51,104,43.03,77.94,0.26,39.58,2024-01-07 11:00:00,0,0,0,-3.57
TXN00157,63,14,122.98,85.86,0.26,35.82,2024-01-07 12:00:00,0,0,0,8.82
TXN00158,96,288,65.21,78.45,0.18,16.23,2024-01-07 13:00:00,0,0,0,0.46
TXN00159,52,179,92.75,83.98,0.19,31.88,2024-01-07 14:00:00,0,0,0,17.74
TXN00160,96,125,77.61,71.26,0.16,13.5,2024-01-07 15:00:00,0,0,0,-18.32
TXN00161,4,422,74.11,43.42,0.29,25.09,2024-01-07 16:00:00,0,0,0,0.12
TXN00162,94,353,123.22,77.99,0.12,26.54,2024-01-07 17:00:00,0,0,0,3.37
TXN00163,23,23,90.65,101.34,0.29,11.59,2024-01-07 18:00:00,0,0,0,16.81
TXN00164,15,63,106.93,93.89,0.24,20.96,2024-01-07 19:00:00,0,1,0,-18.03
TXN00165,43,143,99.06,94.48,0.21,48.23,2024-01-07 20:00:00,0,0,0,2.94
TXN00166,29,481,109.54,98.54,0.11,48.15,2024-01-07 21:00:00,0,0,0,14.15
TXN00167,36,153,101.54,81.33,0.2,24.09,2024-01-07 22:00:00,0,0,0,-10.32
TXN00168,13,145,74.34,82.96,0.18,11.72,2024-01-07 23:00:00,0,0,0,15.05
TXN00169,32,225,119.93,70.74,0.13,17.16,2024-01-08 00:00:00,0,0,0,-19.24
TXN00170,71,495,90.12,75.26,0.23,25.69,2024-01-08 01:00:00,0,0,0,9.3
TXN00171,59,450,68.87,89.24,0.29,47.91,2024-01-08 02:00:00,0,0,0,17.32
TXN00172,86,462,91.44,98.06,0.21,15.65,2024-01-08 03:00:00,0,0,0,6.29
TXN00173,28,309,130.02,77.91,0.24,40.54,2024-01-08 04:00:00,0,0,0,-2.44
TXN00174,66,104,117.0,73.25,0.11,14.35,2024-01-08 05:00:00,0,0,0,-18.2
TXN00175,42,104,93.03,80.01,0.18,49.25,2024-01-08 06:00:00,0,0,0,16.8
TXN00176,45,435,93.01,89.02,0.12,25.26,2024-01-08 07:00:00,1,0,0,-1.19
TXN00177,62,39,93.57,58.34,0.22,41.01,2024-01-08 08:00:00,0,0,0,-18.84
TXN00178,57,435,141.53,45.56,0.29,23.7,2024-01-08 09:00:00,0,0,0,7.59
TXN00179,6,198,107.64,71.74,0.23,35.11,2024-01-08 10:00:00,0,0,0,-0.73
TXN00180,28,134,108.6,61.69,0.12,17.68,2024-01-08 11:00:00,0,0,0,-15.03
TXN00181,28,67,120.61,72.38,0.17,15.84,2024-01-08 12:00:00,0,0,0,-11.43
TXN00182,44,391,104.78,77.78,0.21,47.52,2024-01-08 13:00:00,0,0,0,-17.42
TXN00183,84,179,94.82,73.2,0.18,46.71,2024-01-08 14:00:00,0,0,0,2.97
TXN00184,30,456,96.07,101.79,0.27,45.5,2024-01-08 15:00:00,0,0,0,4.88
TXN00185,62,42,98.57,84.9,0.26,35.02,2024-01-08 16:00:00,0,0,0,0.23
TXN00186,75,448,99.26,84.51,0.22,42.33,2024-01-08 17:00:00,0,0,0,12.68
TXN00187,92,15,114.55,89.33,0.17,12.76,2024-01-08 18:00:00,0,1,0,14.44
TXN00188,89,111,101.04,62.92,0.15,23.39,2024-01-08 19:00:00,0,0,0,4.62
TXN00189,62,157,114.65,95.59,0.12,22.55,2024-01-08 20:00:00,0,0,0,-19.49
TXN00190,97,289,98.39,78.86,0.17,35.43,2024-01-08 21:00:00,0,0,0,7.81
TXN00191,1,478,101.57,90.06,0.18,24.24,2024-01-08 22:00:00,0,0,0,-3.28
TXN00192,27,231,60.04,63.92,0.24,15.94,2024-01-08 23:00:00,0,0,0,2.62
TXN00193,62,411,118.33,56.69,0.23,33.86,2024-01-09 00:00:00,0,0,0,5.96
TXN00194,77,420,106.93,92.27,0.11,42.58,2024-01-09 01:00:00,0,1,0,-5.99
TXN00195,3,157,119.96,85.65,0.18,25.28,2024-01-09 02:00:00,0,0,0,16.68
TXN00196,70,38,42.07,66.47,0.14,15.29,2024-01-09 03:00:00,0,0,0,-14.64
TXN00197,72,441,141.77,66.96,0.13,17.87,2024-01-09 04:00:00,0,0,0,6.86
TXN00198,27,97,97.21,96.88,0.27,19.5,2024-01-09 05:00:00,0,0,0,-19.83
TXN00199,9,485,122.16,62.16,0.11,22.0,2024-01-09 06:00:00,0,0,0,16.99
TXN00200,62,411,79.2,104.64,0.18,35.71,2024-01-09 07:00:00,0,0,0,-15.5
TXN00201,37,439,112.26,66.49,0.13,34.04,2024-01-09 08:00:00,0,0,0,-16.2
TXN00202,97,289,78.93,89.58,0.28,37.84,2024-01-09 09:00:00,0,0,0,-6.68
TXN00203,51,254,87.52,75.07,0.21,24.5,2024-01-09 10:00:00,0,0,0,-5.06
TXN00204,44,196,138.28,89.05,0.15,42.96,2024-01-09 11:00:00,0,0,0,-11.43
TXN00205,24,86,96.19,71.84,0.2,18.16,2024-01-09 12:00:00,0,0,0,3.4
TXN00206,79,322,104.35,77.56,0.25,28.76,2024-01-09 13:00:00,0,0,0,-2.28
TXN00207,59,10,117.4,80.61,0.29,42.04,2024-01-09 14:00:00,0,0,0,-18.63
TXN00208,32,5,109.91,64.97,0.14,17.21,2024-01-09 15:00:00,1,0,0,-7.21
TXN00209,96,123,103.01,91.11,0.28,14.39,2024-01-09 16:00:00,0,0,0,12.42
TXN00210,88,330,107.3,72.3,0.29,45.35,2024-01-09 17:00:00,0,0,0,7.59
TXN00211,52,353,148.07,76.57,0.28,23.72,2024-01-09 18:00:00,0,0,0,8.99
TXN00212,62,118,98.85,65.08,0.23,37.35,2024-01-09 19:00:00,1,0,0,7.92
TXN00213,58,294,104.02,41.56,0.23,11.01,2024-01-09 20:00:00,0,0,0,-7.56
TXN00214,52,397,121.01,77.13,0.18,37.6,2024-01-09 21:00:00,0,0,0,-16.01
TXN00215,12,159,122.11,116.19,0.25,22.64,2024-01-09 22:00:00,0,0,0,-9.1
TXN00216,39,303,123.74,91.77,0.21,12.23,2024-01-09 23:00:00,0,0,0,13.27
TXN00217,2,228,112.77,79.71,0.24,34.39,2024-01-10 00:00:00,0,0,0,19.22
TXN00218,3,365,77.14,76.06,0.19,19.63,2024-01-10 01:00:00,0,0,0,-0.25
TXN00219,56,216,132.67,80.34,0.25,25.47,2024-01-10 02:00:00,0,0,0,-19.61
TXN00220,81,436,77.07,88.21,0.26,13.22,2024-01-10 03:00:00,0,0,0,-14.4
TXN00221,59,184,106.05,62.29,0.13,15.89,2024-01-10 04:00:00,1,0,0,-7.12
TXN00222,2,15,84.91,96.71,0.27,21.92,2024-01-10 05:00:00,0,0,0,3.14
TXN00223,2,157,98.72,90.73,0.21,13.59,2024-01-10 06:00:00,1,0,0,-17.0
TXN00224,92,136,106.58,90.77,0.27,46.43,2024-01-10 07:00:00,0,0,0,17.73
TXN00225,54,261,106.43,86.58,0.19,10.24,2024-01-10 08:00:00,0,0,0,-5.4
TXN00226,87,157,108.44,80.29,0.18,29.35,2024-01-10 09:00:00,0,0,0,16.5
TXN00227,96,47,132.27,90.09,0.28,14.93,2024-01-10 10:00:00,0,0,0,11.22
TXN00228,97,324,109.07,88.88,0.15,22.31,2024-01-10 11:00:00,0,0,0,10.22
TXN00229,1,332,95.12,74.69,0.27,47.04,2024-01-10 12:00:00,0,0,0,4.27
TXN00230,19,173,119.28,71.4,0.2,16.47,2024-01-10 13:00:00,0,0,1,5.07
TXN00231,2,130,123.79,81.53,0.2,48.63,2024-01-10 14:00:00,0,0,0,5.52
TXN00232,53,411,75.45,103.24,0.16,18.23,2024-01-10 15:00:00,0,0,0,5.15
TXN00233,44,95,111.95,61.41,0.21,39.66,2024-01-10 16:00:00,0,0,0,2.15
TXN00234,90,115,114.02,57.99,0.17,31.87,2024-01-10 17:00:00,0,0,0,19.46
TXN00235,32,243,94.05,82.47,0.11,45.38,2024-01-10 18:00:00,0,0,0,9.29
TXN00236,70,420,127.51,80.76,0.15,32.16,2024-01-10 19:00:00,1,1,0,11.08
TXN00237,32,292,97.0,82.6,0.1,31.38,2024-01-10 20:00:00,0,0,0,14.9
TXN00238,68,282,102.51,83.66,0.3,17.82,2024-01-10 21:00:00,0,0,0,-11.37
TXN00239,55,299,96.54,76.65,0.29,16.65,2024-01-10 22:00:00,0,0,0,-16.65
TXN00240,75,283,100.31,102.35,0.18,46.66,2024-01-10 23:00:00,0,0,0,-0.68
TXN00241,56,69,78.07,55.99,0.25,23.11,2024-01-11 00:00:00,1,0,0,0.56
TXN00242,17,148,71.2,67.57,0.17,24.88,2024-01-11 01:00:00,0,0,0,13.17
TXN00243,38,11,131.89,78.45,0.23,40.39,2024-01-11 02:00:00,0,0,0,-2.25
TXN00244,24,254,83.06,55.35,0.26,23.55,2024-01-11 03:00:00,0,0,0,2.83
TXN00245,69,330,80.17,77.36,0.29,48.08,2024-01-11 04:00:00,0,0,0,1.08
TXN00246,98,360,56.93,104.92,0.18,39.52,2024-01-11 05:00:00,1,0,0,-18.47
TXN00247,70,38,87.22,80.31,0.26,33.9,2024-01-11 06:00:00,0,0,0,4.61
TXN00248,86,134,73.54,83.46,0.15,45.24,2024-01-11 07:00:00,0,0,0,13.12
TXN00249,11,200,132.84,61.1,0.3,11.98,2024-01-11 08:00:00,0,0,0,-13.7
TXN00250,16,23,120.2,70.75,0.11,20.28,2024-01-11 09:00:00,0,0,0,3.77
TXN00251,97,303,86.24,74.37,0.22,28.6,2024-01-11 10:00:00,0,0,0,3.74
TXN00252,73,346,145.05,75.23,0.23,19.08,2024-01-11 11:00:00,0,0,0,-13.43
TXN00253,59,302,119.64,99.22,0.24,39.76,2024-01-11 12:00:00,0,0,0,-15.06
TXN00254,70,363,93.5,88.37,0.12,46.77,2024-01-11 13:00:00,0,0,0,19.2
TXN00255,80,396,50.01,63.33,0.29,26.95,2024-01-11 14:00:00,0,0,0,-4.25
TXN00256,93,218,145.82,83.7,0.14,23.69,2024-01-11 15:00:00,0,0,0,-10.9
TXN00257,3,141,72.21,87.47,0.22,48.46,2024-01-11 16:00:00,0,0,0,-13.15
TXN00258,20,104,67.09,97.1,0.14,27.79,2024-01-11 17:00:00,1,0,0,6.7
TXN00259,59,446,120.45,103.71,0.16,29.56,2024-01-11 18:00:00,0,0,0,4.38
TXN00260,36,210,148.8,64.77,0.21,24.07,2024-01-11 19:00:00,0,0,0,5.74
TXN00261,19,473,127.69,67.84,0.18,46.38,2024-01-11 20:00:00,0,0,0,-16.48
TXN00262,90,481,111.28,61.14,0.13,32.76,2024-01-11 21:00:00,0,0,0,15.74
TXN00263,67,111,111.9,76.49,0.13,40.49,2024-01-11 22:00:00,0,0,0,-4.43
TXN00264,19,104,117.07,87.0,0.18,42.47,2024-01-11 23:00:00,0,0,0,-7.47
TXN00265,20,316,115.18,94.81,0.25,23.67,2024-01-12 00:00:00,0,0,0,-1.51
TXN00266,96,171,105.62,78.86,0.28,27.35,2024-01-12 01:00:00,0,0,0,-4.4
TXN00267,71,460,102.08,75.2,0.12,43.94,2024-01-12 02:00:00,0,0,0,14.54
TXN00268,52,492,98.75,82.28,0.18,24.53,2024-01-12 03:00:00,0,0,0,17.17
TXN00269,33,356,84.92,67.47,0.12,41.76,2024-01-12 04:00:00,1,0,0,-7.86
TXN00270,40,496,94.39,111.34,0.1,47.64,2024-01-12 05:00:00,0,0,0,14.56
TXN00271,39,324,66.14,55.89,0.23,34.93,2024-01-12 06:00:00,0,0,0,11.26
TXN00272,82,133,98.03,82.77,0.22,39.67,2024-01-12 07:00:00,0,0,0,17.23
TXN00273,1,376,80.23,110.35,0.13,42.2,2024-01-12 08:00:00,0,0,0,-10.17
TXN00274,11,293,77.93,80.1,0.15,43.8,2024-01-12 09:00:00,0,0,0,3.08
TXN00275,92,328,103.6,77.15,0.1,25.8,2024-01-12 10:00:00,0,0,0,-9.02
TXN00276,57,127,127.84,74.64,0.27,12.05,2024-01-12 11:00:00,0,0,0,12.96
TXN00277,89,106,118.37,77.29,0.29,26.08,2024-01-12 12:00:00,0,0,0,-19.79
TXN00278,50,497,68.59,100.59,0.13,36.95,2024-01-12 13:00:00,0,0,0,2.59
TXN00279,23,92,80.21,46.82,0.15,28.01,2024-01-12 14:00:00,0,0,0,-6.43
TXN00280,31,287,118.82,103.0,0.27,39.96,2024-01-12 15:00:00,0,0,0,-7.09
TXN00281,94,378,80.35,58.64,0.29,24.28,2024-01-12 16:00:00,0,0,0,5.8
TXN00282,42,393,95.51,76.0,0.18,35.39,2024-01-12 17:00:00,0,0,0,14.06
TXN00283,99,51,111.0,73.56,0.11,17.46,2024-01-12 18:00:00,0,0,0,4.37
TXN00284,7,29,80.63,88.83,0.11,39.97,2024-01-12 19:00:00,0,1,0,14.13
TXN00285,16,462,102.11,56.03,0.21,31.83,2024-01-12 20:00:00,0,0,0,-9.42
TXN00286,90,296,73.32,86.93,0.18,18.16,2024-01-12 21:00:00,1,0,0,0.78
TXN00287,60,297,87.97,110.36,0.11,21.68,2024-01-12 22:00:00,0,1,0,-1.98
TXN00288,2,214,106.4,59.55,0.22,39.94,2024-01-12 23:00:00,0,0,0,-19.53
TXN00289,1,267,68.14,82.85,0.1,29.3,2024-01-13 00:00:00,0,0,0,2.27
TXN00290,48,407,108.81,70.07,0.26,18.64,2024-01-13 01:00:00,0,0,0,6.46
TXN00291,12,257,99.61,86.39,0.16,48.69,2024-01-13 02:00:00,1,0,0,3.68
TXN00292,69,302,111.05,80.29,0.11,38.61,2024-01-13 03:00:00,0,0,0,9.45
TXN00293,37,101,104.48,70.38,0.22,48.29,2024-01-13 04:00:00,1,0,0,2.85
TXN00294,32,405,127.28,87.32,0.18,27.08,2024-01-13 05:00:00,0,0,0,-17.33
TXN00295,9,346,102.5,107.07,0.29,29.0,2024-01-13 06:00:00,0,0,1,-15.34
TXN00296,99,110,91.41,77.14,0.21,45.92,2024-01-13 07:00:00,0,0,0,3.86
TXN00297,19,420,102.45,90.8,0.16,31.0,2024-01-13 08:00:00,0,0,0,-9.0
TXN00298,48,182,110.87,60.6,0.24,38.29,2024-01-13 09:00:00,0,0,0,-16.81
TXN00299,80,471,100.98,65.65,0.15,20.09,2024-01-13 10:00:00,0,0,0,-2.82
TXN00300,3,313,100.81,87.09,0.28,27.87,2024-01-13 11:00:00,1,0,0,2.17
TXN00301,20,1,85.96,102.26,0.17,14.94,2024-01-13 12:00:00,0,0,0,-6.85
TXN00302,24,319,86.74,85.33,0.21,18.24,2024-01-13 13:00:00,0,0,0,8.82
TXN00303,54,438,71.95,75.3,0.11,10.04,2024-01-13 14:00:00,0,0,0,5.75
TXN00304,33,55,134.99,79.99,0.19,11.57,2024-01-13 15:00:00,0,0,0,-6.69
TXN00305,24,371,75.12,61.24,0.27,49.09,2024-01-13 16:00:00,0,0,0,10.19
TXN00306,75,424,86.14,89.07,0.26,19.69,2024-01-13 17:00:00,0,0,0,5.95
TXN00307,72,399,85.63,93.23,0.14,36.53,2024-01-13 18:00:00,1,0,0,5.5
TXN00308,36,149,117.9,73.22,0.15,43.56,2024-01-13 19:00:00,0,0,0,2.14
TXN00309,38,431,94.1,72.95,0.26,32.03,2024-01-13 20:00:00,0,0,0,-19.54
TXN00310,84,457,124.95,83.99,0.29,16.13,2024-01-13 21:00:00,0,0,0,7.86
TXN00311,99,309,86.53,73.45,0.12,39.12,2024-01-13 22:00:00,0,0,0,-4.96
TXN00312,89,137,105.58,79.01,0.19,34.01,2024-01-13 23:00:00,1,0,0,17.7
TXN00313,99,202,83.29,111.5,0.17,39.25,2024-01-14 00:00:00,0,0,0,12.72
TXN00314,25,436,142.9,76.29,0.27,40.79,2024-01-14 01:00:00,0,0,0,3.51
TXN00315,93,313,76.25,74.62,0.12,49.02,2024-01-14 02:00:00,0,0,0,-9.91
TXN00316,18,117,106.2,70.29,0.14,32.94,2024-01-14 03:00:00,0,0,0,-11.85
TXN00317,82,154,112.68,91.16,0.25,23.67,2024-01-14 04:00:00,0,0,0,-6.38
TXN00318,66,425,108.28,77.28,0.11,35.94,2024-01-14 05:00:00,0,0,0,-0.94
TXN00319,54,291,96.29,70.26,0.2,12.74,2024-01-14 06:00:00,0,0,0,-8.16
TXN00320,35,63,97.4,99.82,0.19,45.9,2024-01-14 07:00:00,0,0,0,0.6
TXN00321,80,244,100.88,101.29,0.17,14.78,2024-01-14 08:00:00,0,0,0,-13.39
TXN00322,61,25,97.06,70.99,0.18,23.11,2024-01-14 09:00:00,0,0,0,19.11
TXN00323,41,90,119.28,52.0,0.21,42.63,2024-01-14 10:00:00,0,0,0,-15.68
TXN00324,33,75,144.21,95.11,0.13,33.89,2024-01-14 11:00:00,0,0,0,17.28
TXN00325,68,294,88.85,69.73,0.21,25.75,2024-01-14 12:00:00,0,0,0,16.54
TXN00326,33,386,72.6,91.86,0.26,28.94,2024-01-14 13:00:00,0,0,0,1.01
TXN00327,14,391,98.23,50.45,0.25,44.18,2024-01-14 14:00:00,0,0,0,9.0
TXN00328,21,210,151.59,93.39,0.13,23.6,2024-01-14 15:00:00,0,0,0,-2.56
TXN00329,48,475,83.93,61.83,0.13,44.79,2024-01-14 16:00:00,0,0,0,5.2
TXN00330,20,418,132.78,90.96,0.15,13.53,2024-01-14 17:00:00,1,0,0,-6.38
TXN00331,8,347,133.55,80.21,0.17,41.07,2024-01-14 18:00:00,0,0,0,-7.95
TXN00332,7,17,88.93,65.69,0.18,43.9,2024-01-14 19:00:00,0,0,0,3.13
TXN00333,67,128,111.38,73.89,0.24,17.27,2024-01-14 20:00:00,0,0,0,-0.07
TXN00334,17,427,132.57,90.29,0.11,27.21,2024-01-14 21:00:00,0,0,0,3.18
TXN00335,33,443,92.42,81.59,0.11,16.62,2024-01-14 22:00:00,0,0,0,-8.53
TXN00336,48,364,95.93,88.77,0.18,38.26,2024-01-14 23:00:00,0,0,0,-5.32
TXN00337,76,251,88.37,109.65,0.24,31.41,2024-01-15 00:00:00,1,0,0,-16.64
TXN00338,59,179,79.7,56.54,0.14,35.41,2024-01-15 01:00:00,0,0,0,-17.91
TXN00339,86,182,87.01,104.26,0.23,17.86,2024-01-15 02:00:00,0,0,0,-9.86
TXN00340,22,152,75.52,81.57,0.15,18.47,2024-01-15 03:00:00,0,0,0,-17.03
TXN00341,30,25,100.68,66.52,0.28,11.66,2024-01-15 04:00:00,0,0,0,-15.85
TXN00342,38,455,84.6,60.05,0.28,22.88,2024-01-15 05:00:00,0,0,0,12.52
TXN00343,51,180,104.68,77.16,0.16,32.39,2024-01-15 06:00:00,0,0,0,-18.45
TXN00344,54,198,68.88,93.82,0.15,44.32,2024-01-15 07:00:00,0,0,0,6.36
TXN00345,8,344,106.62,78.09,0.18,36.68,2024-01-15 08:00:00,0,0,0,-9.1
TXN00346,27,161,116.67,102.67,0.15,27.42,2024-01-15 09:00:00,0,0,0,14.86
TXN00347,27,177,60.13,58.23,0.23,48.12,2024-01-15 10:00:00,0,1,0,-0.6
TXN00348,98,285,107.48,79.82,0.27,38.77,2024-01-15 11:00:00,0,0,0,-7.78
TXN00349,21,63,124.55,61.21,0.23,47.21,2024-01-15 12:00:00,0,0,0,0.71
TXN00350,30,491,75.81,85.45,0.26,31.1,2024-01-15 13:00:00,0,0,0,-4.72
TXN00351,97,150,133.45,93.3,0.18,20.36,2024-01-15 14:00:00,0,0,0,2.57
TXN00352,28,154,108.38,73.69,0.13,12.11,2024-01-15 15:00:00,0,1,0,-15.42
TXN00353,64,156,85.9,40.94,0.25,39.04,2024-01-15 16:00:00,0,0,0,19.88
TXN00354,97,370,98.88,82.98,0.17,14.85,2024-01-15 17:00:00,0,0,0,-2.98
TXN00355,69,469,111.17,86.55,0.23,22.11,2024-01-15 18:00:00,0,0,0,-6.07
TXN00356,61,49,101.52,86.06,0.15,31.3,2024-01-15 19:00:00,0,0,0,8.41
TXN00357,48,455,110.78,98.54,0.12,32.58,2024-01-15 20:00:00,0,0,0,-5.44
TXN00358,19,337,81.59,63.93,0.3,34.02,2024-01-15 21:00:00,0,0,0,13.33
TXN00359,4,84,103.39,90.2,0.13,16.65,2024-01-15 22:00:00,0,0,0,-1.83
TXN00360,35,361,71.73,97.89,0.3,25.19,2024-01-15 23:00:00,0,0,0,8.78
TXN00361,64,177,97.78,53.32,0.3,34.69,2024-01-16 00:00:00,0,0,0,-15.7
TXN00362,49,148,81.92,84.79,0.26,48.79,2024-01-16 01:00:00,0,0,0,13.84
TXN00363,17,118,85.29,72.44,0.23,39.11,2024-01-16 02:00:00,0,0,0,9.43
TXN00364,44,342,124.72,78.78,0.22,46.9,2024-01-16 03:00:00,0,0,0,-11.53
TXN00365,92,476,121.83,85.22,0.27,40.49,2024-01-16 04:00:00,0,0,0,-14.19
TXN00366,30,63,112.18,72.69,0.16,33.67,2024-01-16 05:00:00,0,0,0,-7.35
TXN00367,93,189,78.15,69.86,0.19,17.68,2024-01-16 06:00:00,0,0,0,19.04
TXN00368,46,360,93.67,80.51,0.22,36.67,2024-01-16 07:00:00,0,0,0,-9.73
TXN00369,6,49,124.26,63.69,0.18,34.94,2024-01-16 08:00:00,0,0,0,-1.75
TXN00370,99,327,102.83,63.71,0.19,34.1,2024-01-16 09:00:00,0,0,0,-18.8
TXN00371,37,257,146.39,90.19,0.17,29.59,2024-01-16 10:00:00,0,0,0,-4.11
TXN00372,24,224,107.87,62.77,0.21,31.15,2024-01-16 11:00:00,0,0,0,2.85
TXN00373,93,141,103.84,89.99,0.27,23.38,2024-01-16 12:00:00,0,0,0,18.12
TXN00374,46,478,93.82,86.94,0.14,30.77,2024-01-16 13:00:00,1,0,0,0.67
TXN00375,53,215,102.67,54.11,0.29,17.9,2024-01-16 14:00:00,0,0,0,12.76
TXN00376,95,435,96.95,69.84,0.24,42.21,2024-01-16 15:00:00,1,0,0,1.89
TXN00377,99,379,114.16,97.91,0.26,17.43,2024-01-16 16:00:00,0,0,0,-18.37
TXN00378,60,440,119.13,65.28,0.21,13.4,2024-01-16 17:00:00,0,0,0,-7.4
TXN00379,97,211,84.28,73.03,0.26,27.45,2024-01-16 18:00:00,0,0,0,3.02
TXN00380,63,318,73.38,86.93,0.1,36.33,2024-01-16 19:00:00,0,0,0,18.02
TXN00381,85,32,63.28,91.75,0.26,27.51,2024-01-16 20:00:00,0,0,0,14.37
TXN00382,32,158,110.16,76.23,0.11,21.07,2024-01-16 21:00:00,0,0,0,-10.87
TXN00383,87,285,77.93,71.04,0.28,32.33,2024-01-16 22:00:00,0,0,0,-11.2
TXN00384,33,305,56.94,101.34,0.3,23.88,2024-01-16 23:00:00,0,0,0,-11.95
TXN00385,67,429,107.77,106.08,0.16,47.31,2024-01-17 00:00:00,0,0,0,16.9
TXN00386,18,477,149.86,94.68,0.14,46.91,2024-01-17 01:00:00,0,0,0,14.11
TXN00387,25,286,99.88,81.28,0.25,30.09,2024-01-17 02:00:00,0,0,0,11.0
TXN00388,95,144,116.77,67.88,0.15,23.12,2024-01-17 03:00:00,0,0,0,-4.29
TXN00389,54,424,101.64,67.54,0.27,39.49,2024-01-17 04:00:00,0,0,0,0.18
TXN00390,58,19,98.02,87.84,0.12,11.47,2024-01-17 05:00:00,0,0,0,-1.43
TXN00391,67,18,118.38,86.28,0.13,28.99,2024-01-17 06:00:00,0,0,0,-9.86
TXN00392,46,257,94.19,101.02,0.3,23.45,2024-01-17 07:00:00,0,0,0,0.2
TXN00393,24,78,105.35,89.76,0.23,46.82,2024-01-17 08:00:00,0,0,0,-18.78
TXN00394,32,371,106.43,57.45,0.27,10.48,2024-01-17 09:00:00,0,0,0,-14.73
TXN00395,47,175,86.64,95.78,0.16,32.11,2024-01-17 10:00:00,1,0,0,15.46
TXN00396,86,498,119.84,65.03,0.24,39.63,2024-01-17 11:00:00,0,0,0,10.07
TXN00397,23,194,96.5,74.24,0.22,29.4,2024-01-17 12:00:00,0,0,0,-3.09
TXN00398,66,476,84.89,83.75,0.22,13.42,2024-01-17 13:00:00,0,0,0,0.69
TXN00399,27,113,110.73,109.94,0.24,48.9,2024-01-17 14:00:00,0,0,0,-5.2
TXN00400,2,114,82.03,126.65,0.22,30.72,2024-01-17 15:00:00,0,0,0,9.63
TXN00401,90,222,100.56,89.1,0.19,34.57,2024-01-17 16:00:00,0,0,0,11.37
TXN00402,17,166,99.82,77.25,0.16,19.46,2024-01-17 17:00:00,0,0,0,10.53
TXN00403,33,435,121.72,88.02,0.25,29.34,2024-01-17 18:00:00,0,0,0,8.9
TXN00404,9,319,109.49,93.31,0.15,27.17,2024-01-17 19:00:00,0,0,0,-11.82
TXN00405,43,132,99.5,75.19,0.24,13.0,2024-01-17 20:00:00,0,0,0,-6.48
TXN00406,48,385,116.36,106.93,0.15,14.25,2024-01-17 21:00:00,1,0,0,-1.21
TXN00407,39,264,127.8,83.45,0.23,43.5,2024-01-17 22:00:00,0,0,0,-6.77
TXN00408,93,413,111.16,87.47,0.25,19.59,2024-01-17 23:00:00,0,0,0,10.2
TXN00409,42,55,100.21,89.99,0.14,17.8,2024-01-18 00:00:00,0,0,0,-6.83
TXN00410,26,359,73.76,86.32,0.11,30.2,2024-01-18 01:00:00,0,0,0,-14.47
TXN00411,99,131,78.7,92.58,0.13,40.75,2024-01-18 02:00:00,0,0,0,-4.04
TXN00412,50,288,93.9,70.74,0.22,12.48,2024-01-18 03:00:00,0,0,0,19.2
TXN00413,25,266,87.81,71.63,0.27,33.07,2024-01-18 04:00:00,0,0,0,-10.96
TXN00414,24,458,96.26,63.5,0.11,14.77,2024-01-18 05:00:00,0,0,0,4.49
TXN00415,13,467,101.13,86.59,0.25,11.46,2024-01-18 06:00:00,0,0,0,-2.68
TXN00416,60,366,110.59,91.68,0.17,12.11,2024-01-18 07:00:00,0,0,0,-17.16
TXN00417,7,162,98.59,86.87,0.2,43.37,2024-01-18 08:00:00,0,0,0,-0.48
TXN00418,57,380,109.73,105.12,0.29,14.72,2024-01-18 09:00:00,0,0,0,8.09
TXN00419,36,481,101.29,79.92,0.17,11.81,2024-01-18 10:00:00,0,0,0,0.53
TXN00420,45,87,60.49,90.03,0.19,27.52,2024-01-18 11:00:00,0,0,0,14.88
TXN00421,20,55,81.21,63.62,0.1,43.76,2024-01-18 12:00:00,0,0,0,-8.44
TXN00422,65,476,97.12,74.19,0.12,20.5,2024-01-18 13:00:00,0,0,0,-16.55
TXN00423,8,288,75.81,90.43,0.15,26.87,2024-01-18 14:00:00,0,0,0,17.46
TXN00424,16,178,112.0,92.74,0.11,11.6,2024-01-18 15:00:00,0,0,0,-4.87
TXN00425,14,391,130.62,75.59,0.23,27.96,2024-01-18 16:00:00,0,0,0,3.06
TXN00426,76,349,124.38,78.93,0.19,33.1,2024-01-18 17:00:00,0,0,1,11.68
TXN00427,87,8,95.73,57.23,0.21,32.84,2024-01-18 18:00:00,0,1,0,-7.03
TXN00428,15,321,129.81,74.64,0.13,23.3,2024-01-18 19:00:00,1,0,0,8.65
TXN00429,92,313,102.97,93.36,0.16,22.62,2024-01-18 20:00:00,0,0,0,-14.58
TXN00430,98,247,93.26,88.63,0.23,14.26,2024-01-18 21:00:00,0,0,0,-8.35
TXN00431,66,323,87.73,87.51,0.29,24.67,2024-01-18 22:00:00,0,0,0,-14.21
TXN00432,32,472,93.95,80.75,0.11,13.98,2024-01-18 23:00:00,0,0,0,12.45
TXN00433,87,471,92.24,80.11,0.28,40.66,2024-01-19 00:00:00,0,0,0,-11.09
TXN00434,63,443,103.41,70.1,0.22,48.65,2024-01-19 01:00:00,1,0,0,8.7
TXN00435,86,255,103.21,90.48,0.21,48.8,2024-01-19 02:00:00,1,0,0,17.73
TXN00436,51,328,100.06,86.31,0.2,44.6,2024-01-19 03:00:00,0,0,0,1.11
TXN00437,25,54,108.74,87.38,0.11,34.03,2024-01-19 04:00:00,1,0,0,1.6
TXN00438,58,249,123.81,72.11,0.12,38.03,2024-01-19 05:00:00,0,0,0,-1.56
TXN00439,63,239,118.99,47.7,0.22,21.41,2024-01-19 06:00:00,0,0,0,-6.96
TXN00440,62,229,70.3,96.46,0.17,35.23,2024-01-19 07:00:00,0,0,0,-0.97
TXN00441,22,67,48.92,72.82,0.28,28.23,2024-01-19 08:00:00,0,0,0,4.11
TXN00442,58,51,118.69,67.06,0.18,29.28,2024-01-19 09:00:00,1,0,0,19.44
TXN00443,58,97,72.66,90.4,0.13,40.31,2024-01-19 10:00:00,0,0,0,17.51
TXN00444,86,92,95.5,74.12,0.24,21.28,2024-01-19 11:00:00,0,0,0,14.49
TXN00445,49,495,76.6,95.9,0.16,22.72,2024-01-19 12:00:00,0,0,0,15.57
TXN00446,52,264,63.96,89.26,0.21,46.99,2024-01-19 13:00:00,0,0,0,-1.29
TXN00447,42,418,110.83,90.25,0.24,12.25,2024-01-19 14:00:00,0,0,0,6.3
TXN00448,70,291,115.18,59.51,0.28,29.43,2024-01-19 15:00:00,1,0,0,15.8
TXN00449,15,96,88.47,98.18,0.26,46.51,2024-01-19 16:00:00,0,0,0,-4.28
TXN00450,54,88,48.18,83.92,0.24,34.41,2024-01-19 17:00:00,0,0,0,18.47
TXN00451,60,78,89.08,74.46,0.24,31.86,2024-01-19 18:00:00,0,0,0,-3.37
TXN00452,97,288,107.84,82.15,0.29,19.99,2024-01-19 19:00:00,0,0,0,4.04
TXN00453,8,120,70.42,53.36,0.16,23.73,2024-01-19 20:00:00,0,0,0,8.39
TXN00454,53,302,103.67,86.13,0.1,44.08,2024-01-19 21:00:00,0,0,0,18.02
TXN00455,60,491,99.69,64.56,0.15,32.37,2024-01-19 22:00:00,0,0,0,-10.22
TXN00456,5,400,111.59,59.71,0.14,30.59,2024-01-19 23:00:00,0,0,0,9.85
TXN00457,68,452,102.39,57.16,0.23,13.98,2024-01-20 00:00:00,0,0,0,0.83
TXN00458,6,165,80.54,96.69,0.23,10.64,2024-01-20 01:00:00,0,0,0,-9.26
TXN00459,96,182,123.93,70.56,0.22,48.55,2024-01-20 02:00:00,0,0,0,11.06
TXN00460,94,469,96.83,103.01,0.1,25.08,2024-01-20 03:00:00,0,0,0,2.09
TXN00461,47,398,99.45,71.96,0.25,34.13,2024-01-20 04:00:00,0,0,0,6.44
TXN00462,99,223,81.33,54.39,0.16,13.19,2024-01-20 05:00:00,1,0,0,-7.08
TXN00463,55,311,91.13,63.25,0.23,37.32,2024-01-20 06:00:00,0,0,0,-0.75
TXN00464,40,432,82.3,98.54,0.21,47.3,2024-01-20 07:00:00,0,0,0,4.69
TXN00465,52,466,96.54,77.66,0.17,33.03,2024-01-20 08:00:00,0,0,0,-3.8
TXN00466,16,7,134.23,71.78,0.13,15.04,2024-01-20 09:00:00,0,0,0,-12.07
TXN00467,13,330,72.56,82.4,0.12,33.27,2024-01-20 10:00:00,0,0,0,18.47
TXN00468,30,263,67.73,87.53,0.27,40.65,2024-01-20 11:00:00,0,0,0,0.46
TXN00469,19,161,129.42,96.76,0.28,26.26,2024-01-20 12:00:00,0,0,0,9.36
TXN00470,17,151,95.81,101.73,0.23,45.19,2024-01-20 13:00:00,0,0,0,-3.56
TXN00471,63,85,86.62,74.6,0.12,35.95,2024-01-20 14:00:00,0,0,0,-5.79
TXN00472,19,147,120.8,60.11,0.18,45.97,2024-01-20 15:00:00,0,0,0,-3.71
TXN00473,92,112,87.89,73.8,0.25,34.94,2024-01-20 16:00:00,0,0,0,-3.63
TXN00474,58,381,136.52,83.9,0.26,15.25,2024-01-20 17:00:00,1,0,0,1.77
TXN00475,55,403,113.56,65.54,0.12,22.39,2024-01-20 18:00:00,0,0,0,1.74
TXN00476,90,36,90.24,65.64,0.1,18.07,2024-01-20 19:00:00,0,0,0,-0.11
TXN00477,90,285,143.15,85.16,0.24,46.35,2024-01-20 20:00:00,0,1,0,-14.61
TXN00478,62,188,87.89,79.27,0.17,40.42,2024-01-20 21:00:00,0,0,0,-0.16
TXN00479,23,82,114.84,80.49,0.15,37.06,2024-01-20 22:00:00,0,0,0,-13.24
TXN00480,9,2,105.99,68.62,0.1,22.04,2024-01-20 23:00:00,0,0,0,-14.95
TXN00481,12,385,126.03,76.54,0.21,17.36,2024-01-21 00:00:00,0,0,0,17.31
TXN00482,1,303,131.23,66.14,0.27,40.26,2024-01-21 01:00:00,0,0,0,4.2
TXN00483,58,197,100.64,93.35,0.29,28.97,2024-01-21 02:00:00,0,0,0,6.38
TXN00484,1,404,84.93,95.53,0.21,19.03,2024-01-21 03:00:00,0,0,0,-3.93
TXN00485,34,11,109.2,52.31,0.2,34.66,2024-01-21 04:00:00,0,0,0,16.36
TXN00486,96,234,86.45,66.06,0.12,11.61,2024-01-21 05:00:00,0,0,0,5.52
TXN00487,48,386,140.27,57.55,0.21,23.05,2024-01-21 06:00:00,0,0,0,10.77
TXN00488,89,195,102.73,70.25,0.18,28.74,2024-01-21 07:00:00,0,0,0,-5.26
TXN00489,1,471,92.69,78.75,0.22,15.92,2024-01-21 08:00:00,0,0,0,18.4
TXN00490,16,119,103.69,58.26,0.18,49.39,2024-01-21 09:00:00,0,0,0,12.82
TXN00491,61,396,73.06,66.17,0.15,18.36,2024-01-21 10:00:00,0,0,0,14.16
TXN00492,64,20,80.57,64.94,0.12,15.21,2024-01-21 11:00:00,1,0,0,-13.11
TXN00493,63,261,124.01,83.11,0.16,18.14,2024-01-21 12:00:00,0,0,0,-9.16
TXN00494,69,293,86.86,81.04,0.12,40.76,2024-01-21 13:00:00,0,0,0,-8.57
TXN00495,22,422,79.06,69.17,0.14,27.02,2024-01-21 14:00:00,0,0,0,-9.16
TXN00496,93,256,110.73,82.65,0.3,32.62,2024-01-21 15:00:00,0,0,0,14.22
TXN00497,67,222,123.71,71.8,0.19,10.84,2024-01-21 16:00:00,0,0,0,-18.72
TXN00498,76,393,114.38,75.93,0.21,11.38,2024-01-21 17:00:00,0,0,0,-16.96
TXN00499,26,226,119.92,105.1,0.27,27.83,2024-01-21 18:00:00,0,0,0,-9.04
TXN00500,16,53,84.86,100.11,0.3,42.67,2024-01-21 19:00:00,0,0,0,-12.01
TXN00501,51,428,71.56,60.51,0.22,45.41,2024-01-21 20:00:00,0,1,0,-10.73
TXN00502,86,355,130.03,92.45,0.26,13.47,2024-01-21 21:00:00,0,0,0,11.92
TXN00503,57,342,93.55,92.17,0.17,31.53,2024-01-21 22:00:00,0,0,0,2.53
TXN00504,29,364,94.98,62.78,0.16,46.53,2024-01-21 23:00:00,0,0,0,-19.77
TXN00505,78,280,126.56,92.28,0.18,25.52,2024-01-22 00:00:00,0,0,0,-2.83
TXN00506,92,81,111.12,103.07,0.23,43.18,2024-01-22 01:00:00,0,0,0,-3.68
TXN00507,69,202,109.12,63.16,0.24,15.35,2024-01-22 02:00:00,0,0,0,-15.44
TXN00508,47,158,143.3,66.24,0.16,47.42,2024-01-22 03:00:00,1,0,1,7.05
TXN00509,94,120,87.13,95.26,0.13,40.06,2024-01-22 04:00:00,0,0,0,8.08
TXN00510,62,59,118.56,84.07,0.23,47.65,2024-01-22 05:00:00,0,0,0,8.84
TXN00511,69,494,101.14,88.27,0.13,37.06,2024-01-22 06:00:00,0,0,0,9.14
TXN00512,76,215,105.37,85.11,0.22,24.54,2024-01-22 07:00:00,0,0,0,-20.0
TXN00513,16,128,130.57,85.86,0.24,47.53,2024-01-22 08:00:00,0,0,0,18.16
TXN00514,90,224,110.16,60.1,0.24,21.02,2024-01-22 09:00:00,0,0,0,12.57
TXN00515,90,209,110.77,95.71,0.25,23.29,2024-01-22 10:00:00,0,0,0,16.16
TXN00516,48,370,121.45,97.54,0.27,38.03,2024-01-22 11:00:00,0,0,0,-19.37
TXN00517,85,115,92.7,76.56,0.2,40.61,2024-01-22 12:00:00,0,0,0,17.35
TXN00518,39,209,83.22,79.35,0.25,47.18,2024-01-22 13:00:00,1,0,0,12.39
TXN00519,33,14,79.1,57.03,0.22,18.19,2024-01-22 14:00:00,0,0,0,13.49
TXN00520,94,9,60.67,87.71,0.14,41.92,2024-01-22 15:00:00,0,0,0,-16.27
TXN00521,23,40,141.12,88.58,0.11,39.54,2024-01-22 16:00:00,0,0,0,9.55
TXN00522,10,450,77.94,79.07,0.16,12.55,2024-01-22 17:00:00,0,0,0,18.4
TXN00523,69,237,95.57,96.87,0.19,25.49,2024-01-22 18:00:00,0,0,0,7.14
TXN00524,34,281,94.46,74.99,0.22,21.31,2024-01-22 19:00:00,0,0,0,2.82
TXN00525,52,359,106.15,88.47,0.27,22.18,2024-01-22 20:00:00,0,0,0,17.83
TXN00526,95,201,116.31,64.71,0.14,49.32,2024-01-22 21:00:00,0,0,0,-2.28
TXN00527,10,246,117.21,79.65,0.13,35.71,2024-01-22 22:00:00,1,0,0,3.97
TXN00528,19,278,88.34,77.38,0.29,38.71,2024-01-22 23:00:00,0,0,0,-0.95
TXN00529,58,235,96.66,83.38,0.12,49.06,2024-01-23 00:00:00,0,0,0,17.31
TXN00530,96,494,105.65,74.46,0.2,25.09,2024-01-23 01:00:00,1,0,0,-16.96
TXN00531,1,4,95.03,78.03,0.22,42.07,2024-01-23 02:00:00,0,0,0,0.04
TXN00532,69,154,132.15,92.39,0.21,27.38,2024-01-23 03:00:00,0,0,0,7.48
TXN00533,4,442,109.82,73.45,0.12,44.78,2024-01-23 04:00:00,0,0,0,11.68
TXN00534,16,29,114.7,55.9,0.11,17.23,2024-01-23 05:00:00,0,0,0,3.32
TXN00535,24,109,113.26,106.24,0.12,47.91,2024-01-23 06:00:00,0,0,0,16.36
TXN00536,80,98,123.47,100.72,0.22,18.75,2024-01-23 07:00:00,0,0,0,17.68
TXN00537,2,215,103.62,60.62,0.21,23.05,2024-01-23 08:00:00,0,0,0,-17.43
TXN00538,92,293,74.06,90.35,0.15,40.25,2024-01-23 09:00:00,0,0,0,-3.91
TXN00539,32,75,107.99,72.46,0.23,25.75,2024-01-23 10:00:00,0,0,0,-19.06
TXN00540,91,326,86.97,83.95,0.26,34.33,2024-01-23 11:00:00,0,0,0,-6.82
TXN00541,84,146,89.43,84.41,0.11,27.78,2024-01-23 12:00:00,0,0,0,1.47
TXN00542,24,128,111.73,76.48,0.2,39.69,2024-01-23 13:00:00,0,0,0,16.43
TXN00543,12,341,124.77,68.24,0.24,19.13,2024-01-23 14:00:00,0,0,0,13.86
TXN00544,50,42,100.43,69.64,0.15,12.34,2024-01-23 15:00:00,0,0,0,-14.9
TXN00545,35,356,106.18,66.26,0.16,22.0,2024-01-23 16:00:00,0,0,0,-16.28
TXN00546,33,41,134.04,67.52,0.22,28.97,2024-01-23 17:00:00,0,0,0,3.57
TXN00547,33,422,104.82,78.99,0.28,16.72,2024-01-23 18:00:00,0,0,0,1.28
TXN00548,61,34,152.03,69.26,0.26,24.19,2024-01-23 19:00:00,0,0,0,-9.34
TXN00549,51,17,111.31,90.23,0.22,26.0,2024-01-23 20:00:00,0,0,0,15.98
TXN00550,43,165,64.78,102.31,0.25,12.3,2024-01-23 21:00:00,0,1,0,17.09
TXN00551,12,153,115.07,71.3,0.17,33.33,2024-01-23 22:00:00,0,0,0,-3.9
TXN00552,67,486,107.62,83.59,0.23,45.37,2024-01-23 23:00:00,1,0,0,15.61
TXN00553,65,378,125.8,87.5,0.19,16.07,2024-01-24 00:00:00,0,0,0,-4.64
TXN00554,33,76,113.46,87.08,0.14,33.91,2024-01-24 01:00:00,0,0,0,9.47
TXN00555,40,87,97.23,81.14,0.24,36.59,2024-01-24 02:00:00,0,0,0,-0.96
TXN00556,74,117,75.51,91.14,0.21,26.77,2024-01-24 03:00:00,1,0,0,-15.1
TXN00557,43,362,95.82,87.23,0.17,38.04,2024-01-24 04:00:00,0,0,0,17.12
TXN00558,44,342,82.99,61.44,0.28,26.43,2024-01-24 05:00:00,0,0,0,-1.84
TXN00559,29,469,88.39,93.04,0.1,30.19,2024-01-24 06:00:00,0,0,0,9.38
TXN00560,13,27,111.77,93.31,0.16,10.29,2024-01-24 07:00:00,0,0,0,-5.31
TXN00561,12,313,133.4,68.55,0.11,37.67,2024-01-24 08:00:00,0,0,0,-19.24
TXN00562,95,287,107.89,80.57,0.25,36.45,2024-01-24 09:00:00,0,0,0,-15.98
TXN00563,46,134,76.08,90.25,0.24,11.54,2024-01-24 10:00:00,0,0,0,-0.15
TXN00564,2,219,108.89,76.86,0.17,24.73,2024-01-24 11:00:00,0,0,0,7.6
TXN00565,35,168,123.93,96.09,0.24,49.16,2024-01-24 12:00:00,1,0,0,-6.61
TXN00566,87,98,87.8,115.46,0.18,26.83,2024-01-24 13:00:00,0,0,0,7.82
TXN00567,81,268,97.32,68.21,0.25,30.08,2024-01-24 14:00:00,0,0,0,7.95
TXN00568,90,237,100.29,59.28,0.19,46.4,2024-01-24 15:00:00,0,0,0,8.16
TXN00569,8,309,84.3,84.56,0.18,38.69,2024-01-24 16:00:00,0,0,0,-0.3
TXN00570,93,455,112.97,90.82,0.29,33.28,2024-01-24 17:00:00,0,0,0,16.6
TXN00571,26,394,97.58,76.54,0.15,41.91,2024-01-24 18:00:00,0,0,0,-0.43
TXN00572,74,173,108.39,101.8,0.12,44.57,2024-01-24 19:00:00,0,0,0,-1.99
TXN00573,90,401,82.25,59.92,0.22,28.28,2024-01-24 20:00:00,0,0,0,-12.02
TXN00574,34,410,91.25,90.39,0.29,29.0,2024-01-24 21:00:00,0,0,0,-7.69
TXN00575,7,469,114.45,70.91,0.18,25.44,2024-01-24 22:00:00,0,0,0,-18.31
TXN00576,68,476,92.54,105.79,0.11,48.67,2024-01-24 23:00:00,0,0,0,5.34
TXN00577,58,190,134.54,109.89,0.17,37.89,2024-01-25 00:00:00,0,0,0,-10.06
TXN00578,75,122,92.01,68.5,0.2,13.33,2024-01-25 01:00:00,0,0,0,-7.83
TXN00579,29,46,104.49,71.76,0.13,44.52,2024-01-25 02:00:00,0,0,0,10.83
TXN00580,36,64,118.65,92.89,0.23,29.22,2024-01-25 03:00:00,0,0,0,-6.91
TXN00581,89,130,71.63,74.19,0.3,12.75,2024-01-25 04:00:00,0,0,0,-10.31
TXN00582,21,310,64.78,79.32,0.19,31.99,2024-01-25 05:00:00,0,0,1,-13.24
TXN00583,36,363,69.49,80.38,0.17,26.69,2024-01-25 06:00:00,0,0,0,10.99
TXN00584,10,193,125.25,51.2,0.18,45.11,2024-01-25 07:00:00,0,0,0,-14.81
TXN00585,73,307,88.96,79.79,0.12,18.16,2024-01-25 08:00:00,0,0,0,-1.85
TXN00586,24,181,151.16,69.65,0.28,43.06,2024-01-25 09:00:00,0,0,0,0.28
TXN00587,64,292,88.72,72.6,0.18,32.31,2024-01-25 10:00:00,0,0,0,7.5
TXN00588,99,371,103.69,101.65,0.18,12.18,2024-01-25 11:00:00,1,0,0,5.33
TXN00589,49,282,130.84,61.15,0.23,48.87,2024-01-25 12:00:00,0,0,0,12.43
TXN00590,99,29,140.12,92.2,0.19,30.5,2024-01-25 13:00:00,0,0,0,-18.21
TXN00591,36,149,141.23,75.82,0.23,21.64,2024-01-25 14:00:00,1,0,0,-8.14
TXN00592,82,267,124.17,75.8,0.11,28.78,2024-01-25 15:00:00,0,0,0,-8.79
TXN00593,96,296,120.48,91.86,0.26,44.31,2024-01-25 16:00:00,0,0,0,-14.16
TXN00594,24,11,111.85,85.1,0.29,22.2,2024-01-25 17:00:00,0,0,0,-8.43
TXN00595,23,164,115.57,88.56,0.23,17.71,2024-01-25 18:00:00,0,0,0,-7.61
TXN00596,62,113,88.98,94.52,0.29,15.16,2024-01-25 19:00:00,1,1,0,0.88
TXN00597,96,187,83.64,75.03,0.13,21.91,2024-01-25 20:00:00,0,0,0,6.55
TXN00598,37,295,99.93,70.82,0.2,41.2,2024-01-25 21:00:00,0,0,0,-4.76
TXN00599,12,232,96.6,63.72,0.22,28.87,2024-01-25 22:00:00,0,0,0,8.78
TXN00600,55,227,90.94,67.62,0.22,19.1,2024-01-25 23:00:00,0,0,0,-6.55
TXN00601,13,310,113.93,124.24,0.18,16.65,2024-01-26 00:00:00,0,0,0,-8.39
TXN00602,23,98,119.11,98.67,0.17,23.31,2024-01-26 01:00:00,0,0,0,1.65
TXN00603,89,55,101.77,59.73,0.13,47.6,2024-01-26 02:00:00,0,0,0,-19.05
TXN00604,99,111,129.55,60.16,0.18,23.72,2024-01-26 03:00:00,0,0,0,-16.81
TXN00605,30,152,77.17,87.23,0.13,49.52,2024-01-26 04:00:00,0,0,0,-3.28
TXN00606,17,246,96.13,88.21,0.25,29.41,2024-01-26 05:00:00,0,0,0,17.72
TXN00607,62,406,85.66,88.23,0.14,17.17,2024-01-26 06:00:00,0,0,0,8.86
TXN00608,84,69,62.67,76.18,0.11,45.65,2024-01-26 07:00:00,0,0,0,-16.47
TXN00609,89,312,98.35,78.12,0.21,28.41,2024-01-26 08:00:00,0,0,0,13.85
TXN00610,86,289,97.57,84.92,0.22,38.39,2024-01-26 09:00:00,0,0,0,9.29
TXN00611,13,250,130.27,81.29,0.27,49.35,2024-01-26 10:00:00,0,0,0,4.44
TXN00612,59,36,112.62,46.71,0.22,12.01,2024-01-26 11:00:00,0,0,0,12.81
TXN00613,19,239,79.52,76.55,0.17,13.87,2024-01-26 12:00:00,1,0,0,-3.84
TXN00614,49,148,137.08,67.23,0.26,38.82,2024-01-26 13:00:00,0,0,0,-11.14
TXN00615,12,467,124.42,82.63,0.21,21.27,2024-01-26 14:00:00,0,0,0,0.48
TXN00616,61,227,111.64,124.78,0.12,17.37,2024-01-26 15:00:00,0,0,0,1.95
TXN00617,19,244,95.47,85.51,0.21,11.57,2024-01-26 16:00:00,1,0,0,1.53
TXN00618,76,491,80.81,75.3,0.28,10.87,2024-01-26 17:00:00,0,0,0,2.6
TXN00619,9,337,92.56,93.83,0.18,40.98,2024-01-26 18:00:00,0,0,0,17.95
TXN00620,71,446,121.77,87.24,0.16,15.38,2024-01-26 19:00:00,0,1,0,16.09
TXN00621,28,365,137.69,86.3,0.13,28.71,2024-01-26 20:00:00,0,0,0,15.03
TXN00622,78,491,130.86,89.1,0.13,34.24,2024-01-26 21:00:00,0,0,0,12.06
TXN00623,95,482,90.22,110.85,0.19,27.13,2024-01-26 22:00:00,0,0,0,17.74
TXN00624,52,201,77.61,63.04,0.22,11.08,2024-01-26 23:00:00,0,0,0,-16.06
TXN00625,83,154,102.82,87.1,0.12,41.34,2024-01-27 00:00:00,0,0,0,-9.4
TXN00626,16,450,64.63,66.1,0.29,10.42,2024-01-27 01:00:00,0,0,0,-0.2
TXN00627,69,73,106.46,88.33,0.25,40.48,2024-01-27 02:00:00,0,0,0,13.86
TXN00628,99,201,97.05,66.22,0.22,45.73,2024-01-27 03:00:00,0,0,0,0.21
TXN00629,12,296,90.68,73.74,0.27,27.31,2024-01-27 04:00:00,0,0,0,9.92
TXN00630,25,17,68.11,75.57,0.12,31.42,2024-01-27 05:00:00,0,0,0,-14.44
TXN00631,52,129,110.27,94.64,0.2,29.08,2024-01-27 06:00:00,0,0,0,-9.9
TXN00632,85,217,89.35,93.78,0.23,25.57,2024-01-27 07:00:00,0,0,0,9.27
TXN00633,53,61,76.6,61.31,0.27,45.5,2024-01-27 08:00:00,0,0,0,-13.41
TXN00634,23,427,42.55,80.82,0.26,45.76,2024-01-27 09:00:00,0,0,0,-5.95
TXN00635,16,104,99.45,69.36,0.16,23.43,2024-01-27 10:00:00,0,1,0,-9.41
TXN00636,57,42,135.45,61.12,0.29,34.6,2024-01-27 11:00:00,0,0,0,-6.01
TXN00637,39,25,133.23,76.74,0.12,47.08,2024-01-27 12:00:00,0,0,0,8.33
TXN00638,53,39,90.86,75.37,0.28,48.48,2024-01-27 13:00:00,0,0,0,-5.29
TXN00639,42,291,87.96,116.4,0.29,30.36,2024-01-27 14:00:00,0,0,0,2.21
TXN00640,58,131,109.38,86.49,0.14,28.11,2024-01-27 15:00:00,1,1,0,-16.0
TXN00641,39,498,80.03,59.34,0.24,21.15,2024-01-27 16:00:00,0,0,0,12.2
TXN00642,14,229,106.04,71.53,0.11,48.35,2024-01-27 17:00:00,0,0,0,-5.2
TXN00643,95,108,115.32,95.32,0.18,15.71,2024-01-27 18:00:00,0,0,0,5.94
TXN00644,5,172,124.54,111.33,0.2,33.19,2024-01-27 19:00:00,0,0,0,9.02
TXN00645,35,435,98.0,56.21,0.22,21.3,2024-01-27 20:00:00,0,0,0,-11.61
TXN00646,87,478,95.93,51.8,0.29,21.16,2024-01-27 21:00:00,0,0,0,15.39
TXN00647,93,102,82.44,108.06,0.23,26.2,2024-01-27 22:00:00,0,0,0,4.65
TXN00648,75,354,83.46,85.84,0.2,49.95,2024-01-27 23:00:00,0,0,0,-2.85
TXN00649,18,12,95.47,66.98,0.26,12.2,2024-01-28 00:00:00,0,0,0,-12.71
TXN00650,76,275,107.35,88.02,0.29,33.14,2024-01-28 01:00:00,0,0,0,17.69
TXN00651,9,101,118.27,40.46,0.1,13.3,2024-01-28 02:00:00,1,0,0,10.2
TXN00652,74,44,83.94,80.05,0.3,16.18,2024-01-28 03:00:00,0,0,0,-11.68
TXN00653,58,443,129.85,84.92,0.12,27.58,2024-01-28 04:00:00,0,0,0,-6.49
TXN00654,17,305,94.58,93.86,0.26,30.42,2024-01-28 05:00:00,0,0,0,12.39
TXN00655,7,445,99.57,64.79,0.16,20.35,2024-01-28 06:00:00,0,0,0,7.83
TXN00656,46,17,85.06,81.29,0.13,22.66,2024-01-28 07:00:00,0,0,0,10.63
TXN00657,13,330,51.52,66.12,0.19,13.48,2024-01-28 08:00:00,0,0,0,-2.35
TXN00658,40,57,117.68,83.83,0.23,22.13,2024-01-28 09:00:00,0,0,0,8.66
TXN00659,42,311,114.74,66.57,0.18,48.66,2024-01-28 10:00:00,0,0,0,-4.54
TXN00660,9,497,94.37,73.88,0.11,47.79,2024-01-28 11:00:00,0,0,0,-11.55
TXN00661,50,303,101.34,65.06,0.22,23.4,2024-01-28 12:00:00,0,0,0,5.31
TXN00662,27,12,110.32,89.77,0.28,32.83,2024-01-28 13:00:00,0,0,0,19.04
TXN00663,66,318,68.75,92.88,0.18,46.38,2024-01-28 14:00:00,0,0,0,-7.58
TXN00664,5,80,89.42,76.48,0.14,10.25,2024-01-28 15:00:00,0,0,0,-1.56
TXN00665,29,216,115.89,80.57,0.19,42.43,2024-01-28 16:00:00,0,0,0,6.96
TXN00666,37,339,74.91,58.27,0.11,47.93,2024-01-28 17:00:00,0,0,0,1.66
TXN00667,38,264,105.87,75.5,0.26,13.65,2024-01-28 18:00:00,0,0,0,13.74
TXN00668,83,479,72.87,79.25,0.27,16.46,2024-01-28 19:00:00,0,0,0,10.47
TXN00669,8,149,109.33,119.31,0.22,48.43,2024-01-28 20:00:00,0,0,0,-17.67
TXN00670,65,81,99.29,63.32,0.17,31.5,2024-01-28 21:00:00,0,0,0,19.94
TXN00671,86,215,67.7,101.96,0.26,10.57,2024-01-28 22:00:00,0,0,0,10.1
TXN00672,17,485,123.29,94.95,0.21,20.31,2024-01-28 23:00:00,1,0,0,14.56
TXN00673,71,374,85.31,84.21,0.27,28.0,2024-01-29 00:00:00,0,0,0,6.05
TXN00674,89,464,83.79,106.38,0.23,37.72,2024-01-29 01:00:00,0,0,0,14.25
TXN00675,45,198,104.01,85.58,0.26,39.33,2024-01-29 02:00:00,0,0,0,-15.5
TXN00676,4,200,122.97,85.84,0.22,49.82,2024-01-29 03:00:00,0,0,0,-6.09
TXN00677,36,25,79.68,79.2,0.18,21.5,2024-01-29 04:00:00,0,0,0,15.06
TXN00678,70,466,101.23,98.35,0.29,31.53,2024-01-29 05:00:00,0,0,0,-11.93
TXN00679,31,89,108.58,96.45,0.21,31.33,2024-01-29 06:00:00,1,0,0,-16.87
TXN00680,19,268,113.86,70.61,0.22,26.23,2024-01-29 07:00:00,1,0,0,11.52
TXN00681,61,143,103.53,60.21,0.14,16.77,2024-01-29 08:00:00,0,1,0,13.42
TXN00682,54,59,92.66,76.96,0.23,49.1,2024-01-29 09:00:00,0,0,0,-13.49
TXN00683,39,410,83.45,68.0,0.21,44.13,2024-01-29 10:00:00,1,0,0,14.17
TXN00684,91,489,101.72,79.05,0.14,29.93,2024-01-29 11:00:00,0,0,0,7.47
TXN00685,74,365,78.56,98.56,0.11,34.13,2024-01-29 12:00:00,0,0,0,0.8
TXN00686,90,26,41.57,73.14,0.22,19.09,2024-01-29 13:00:00,0,0,0,13.21
TXN00687,19,47,108.73,79.36,0.25,31.75,2024-01-29 14:00:00,0,0,0,-3.23
TXN00688,39,288,118.08,80.87,0.2,37.8,2024-01-29 15:00:00,0,0,0,-12.24
TXN00689,67,266,52.74,92.73,0.15,30.61,2024-01-29 16:00:00,0,0,0,-8.61
TXN00690,45,16,79.81,46.3,0.23,49.61,2024-01-29 17:00:00,0,0,0,0.21
TXN00691,13,199,112.38,70.9,0.12,34.45,2024-01-29 18:00:00,0,0,0,1.25
TXN00692,92,401,141.15,83.17,0.19,24.84,2024-01-29 19:00:00,0,0,0,12.22
TXN00693,58,407,100.42,98.0,0.13,40.89,2024-01-29 20:00:00,0,0,0,11.65
TXN00694,20,282,85.44,72.62,0.14,16.82,2024-01-29 21:00:00,0,0,0,3.25
TXN00695,92,469,96.34,51.85,0.14,25.38,2024-01-29 22:00:00,0,0,0,11.23
TXN00696,72,86,127.5,89.3,0.18,23.88,2024-01-29 23:00:00,0,0,0,-12.33
TXN00697,61,250,87.08,70.47,0.11,27.27,2024-01-30 00:00:00,1,0,0,-18.0
TXN00698,39,391,84.02,62.16,0.18,41.27,2024-01-30 01:00:00,1,0,0,14.95
TXN00699,1,270,90.35,70.63,0.2,29.37,2024-01-30 02:00:00,0,0,0,-16.98
TXN00700,3,335,80.93,77.23,0.2,41.76,2024-01-30 03:00:00,0,0,0,-10.13
TXN00701,77,117,102.45,70.93,0.18,33.06,2024-01-30 04:00:00,0,0,0,7.81
TXN00702,92,7,132.49,46.92,0.27,23.68,2024-01-30 05:00:00,0,0,0,-3.62
TXN00703,62,137,106.46,93.46,0.13,42.4,2024-01-30 06:00:00,1,0,0,15.05
TXN00704,63,371,94.95,99.12,0.2,19.53,2024-01-30 07:00:00,0,0,0,-8.08
TXN00705,25,176,94.16,89.77,0.11,18.98,2024-01-30 08:00:00,0,0,0,-19.53
TXN00706,56,328,68.74,62.93,0.11,30.18,2024-01-30 09:00:00,0,0,0,-7.97
TXN00707,33,498,117.66,76.98,0.21,20.43,2024-01-30 10:00:00,0,1,0,3.12
TXN00708,38,315,98.44,79.9,0.21,10.36,2024-01-30 11:00:00,0,0,0,-4.96
TXN00709,6,215,96.39,88.98,0.28,35.93,2024-01-30 12:00:00,0,0,0,1.39
TXN00710,58,477,163.86,90.03,0.21,30.44,2024-01-30 13:00:00,0,0,0,15.06
TXN00711,44,82,105.98,68.99,0.29,27.82,2024-01-30 14:00:00,0,0,0,16.5
TXN00712,45,223,84.96,81.23,0.11,48.68,2024-01-30 15:00:00,0,1,0,-9.36
TXN00713,32,478,91.47,86.86,0.12,32.85,2024-01-30 16:00:00,0,0,0,-1.51
TXN00714,45,372,122.97,101.84,0.11,44.54,2024-01-30 17:00:00,0,0,0,1.97
TXN00715,61,423,102.27,90.57,0.14,15.58,2024-01-30 18:00:00,0,0,0,17.96
TXN00716,47,483,71.23,91.84,0.21,32.77,2024-01-30 19:00:00,0,0,0,19.94
TXN00717,21,402,118.38,81.26,0.23,44.72,2024-01-30 20:00:00,0,0,0,-10.58
TXN00718,80,443,86.64,101.16,0.11,33.32,2024-01-30 21:00:00,0,0,0,9.08
TXN00719,85,490,137.47,86.15,0.29,38.72,2024-01-30 22:00:00,1,0,0,-4.88
TXN00720,75,103,121.6,67.08,0.27,24.88,2024-01-30 23:00:00,0,0,0,-19.68
TXN00721,36,273,91.05,101.05,0.16,13.7,2024-01-31 00:00:00,0,0,0,-19.63
TXN00722,99,14,125.62,90.47,0.12,28.32,2024-01-31 01:00:00,0,0,0,-1.58
TXN00723,19,159,101.36,73.35,0.13,25.78,2024-01-31 02:00:00,0,0,0,-0.47
TXN00724,20,152,117.06,72.81,0.13,44.68,2024-01-31 03:00:00,0,0,0,-19.1
TXN00725,57,483,109.69,84.45,0.12,19.76,2024-01-31 04:00:00,0,0,0,7.48
TXN00726,18,108,83.07,86.95,0.2,48.67,2024-01-31 05:00:00,0,0,0,-8.24
TXN00727,47,188,87.13,82.96,0.15,48.33,2024-01-31 06:00:00,0,0,0,2.4
TXN00728,49,301,120.6,84.67,0.17,19.91,2024-01-31 07:00:00,0,0,0,-7.96
TXN00729,14,98,93.3,105.5,0.3,23.92,2024-01-31 08:00:00,0,0,0,-13.31
TXN00730,15,131,91.93,96.07,0.24,45.82,2024-01-31 09:00:00,0,0,0,-3.71
TXN00731,31,293,80.9,82.86,0.29,48.66,2024-01-31 10:00:00,0,0,0,-10.71
TXN00732,1,171,108.47,94.12,0.13,27.74,2024-01-31 11:00:00,0,1,0,1.39
TXN00733,54,424,141.25,64.51,0.18,22.84,2024-01-31 12:00:00,0,0,0,-12.05
TXN00734,3,474,78.65,85.97,0.21,31.04,2024-01-31 13:00:00,1,0,0,0.34
TXN00735,16,183,100.48,107.14,0.12,37.51,2024-01-31 14:00:00,0,0,0,-13.7
TXN00736,87,471,128.24,76.73,0.1,20.94,2024-01-31 15:00:00,0,0,1,6.84
TXN00737,57,364,98.41,67.29,0.23,39.46,2024-01-31 16:00:00,0,0,0,10.16
TXN00738,75,39,109.05,70.22,0.23,12.07,2024-01-31 17:00:00,0,0,0,-15.58
TXN00739,12,15,78.75,63.66,0.18,11.97,2024-01-31 18:00:00,0,0,0,-1.29
TXN00740,74,376,108.57,68.23,0.2,25.45,2024-01-31 19:00:00,0,0,0,-17.17
TXN00741,96,497,96.26,74.44,0.18,24.14,2024-01-31 20:00:00,0,0,0,3.93
TXN00742,16,4,119.71,58.92,0.1,22.63,2024-01-31 21:00:00,1,0,0,-9.42
TXN00743,72,349,123.75,80.23,0.17,29.64,2024-01-31 22:00:00,0,0,0,1.1
TXN00744,76,470,151.79,93.53,0.14,22.83,2024-01-31 23:00:00,0,0,0,0.7
TXN00745,24,409,111.59,66.38,0.12,17.69,2024-02-01 00:00:00,1,0,0,16.97
TXN00746,28,397,106.52,102.79,0.29,22.38,2024-02-01 01:00:00,0,0,0,1.96
TXN00747,8,210,103.89,87.66,0.22,49.0,2024-02-01 02:00:00,0,0,0,3.32
TXN00748,92,161,92.94,95.46,0.25,26.44,2024-02-01 03:00:00,0,0,0,-3.93
TXN00749,36,16,106.77,70.13,0.16,27.79,2024-02-01 04:00:00,0,0,0,17.96
TXN00750,90,493,94.09,92.82,0.18,33.06,2024-02-01 05:00:00,0,0,0,11.09
TXN00751,8,426,103.37,63.62,0.15,49.33,2024-02-01 06:00:00,1,0,0,-8.58
TXN00752,58,108,126.35,93.35,0.12,19.66,2024-02-01 07:00:00,0,0,1,13.77
TXN00753,60,382,79.87,82.58,0.14,37.25,2024-02-01 08:00:00,0,0,0,-2.7
TXN00754,50,450,122.8,88.3,0.26,38.64,2024-02-01 09:00:00,0,0,0,13.15
TXN00755,28,311,126.34,62.37,0.24,34.29,2024-02-01 10:00:00,0,0,0,12.92
TXN00756,92,227,97.64,66.57,0.21,13.54,2024-02-01 11:00:00,1,0,0,-12.45
TXN00757,41,170,57.56,88.96,0.2,37.07,2024-02-01 12:00:00,0,0,0,8.05
TXN00758,64,34,87.84,65.77,0.28,12.56,2024-02-01 13:00:00,0,0,0,-8.37
TXN00759,27,414,125.94,86.95,0.11,33.85,2024-02-01 14:00:00,0,0,0,-8.1
TXN00760,63,251,99.54,59.49,0.16,39.58,2024-02-01 15:00:00,0,0,0,-8.15
TXN00761,17,247,80.01,92.72,0.17,18.44,2024-02-01 16:00:00,0,0,0,9.02
TXN00762,73,269,89.9,61.51,0.26,43.66,2024-02-01 17:00:00,0,0,0,-10.81
TXN00763,33,141,116.81,88.28,0.3,11.21,2024-02-01 18:00:00,0,0,0,-19.96
TXN00764,84,274,110.93,89.38,0.15,43.75,2024-02-01 19:00:00,0,0,0,8.61
TXN00765,77,416,95.22,69.55,0.27,28.41,2024-02-01 20:00:00,0,0,0,-13.15
TXN00766,92,96,92.66,88.73,0.27,18.7,2024-02-01 21:00:00,0,0,0,-15.82
TXN00767,29,227,92.16,83.91,0.14,15.35,2024-02-01 22:00:00,0,0,0,-10.5
TXN00768,13,379,81.55,71.92,0.18,48.13,2024-02-01 23:00:00,0,0,0,-4.8
TXN00769,46,39,132.31,64.87,0.18,12.91,2024-02-02 00:00:00,0,0,0,-0.96
TXN00770,35,302,93.55,50.56,0.3,17.96,2024-02-02 01:00:00,0,0,0,-18.22
TXN00771,6,29,124.34,85.24,0.14,23.91,2024-02-02 02:00:00,1,0,0,18.82
TXN00772,82,446,130.43,56.53,0.26,34.81,2024-02-02 03:00:00,0,0,0,8.64
TXN00773,69,497,119.97,81.43,0.17,31.79,2024-02-02 04:00:00,0,0,0,-7.07
TXN00774,47,477,91.37,76.05,0.25,15.03,2024-02-02 05:00:00,0,0,0,-7.25
TXN00775,25,318,108.07,90.19,0.18,21.59,2024-02-02 06:00:00,0,0,0,-2.06
TXN00776,66,245,99.52,75.47,0.22,19.55,2024-02-02 07:00:00,1,0,0,5.05
TXN00777,10,236,81.93,75.06,0.27,18.54,2024-02-02 08:00:00,0,0,0,-14.15
TXN00778,56,185,106.49,90.98,0.26,26.45,2024-02-02 09:00:00,0,0,0,-12.44
TXN00779,30,272,76.42,85.03,0.27,38.16,2024-02-02 10:00:00,1,0,0,14.38
TXN00780,5,440,123.75,84.74,0.11,18.7,2024-02-02 11:00:00,0,1,0,-9.75
TXN00781,33,236,90.71,87.04,0.24,24.67,2024-02-02 12:00:00,0,0,0,-4.79
TXN00782,65,239,104.02,56.97,0.13,25.64,2024-02-02 13:00:00,0,0,0,14.85
TXN00783,18,377,105.67,91.35,0.18,49.06,2024-02-02 14:00:00,0,0,0,6.53
TXN00784,96,266,94.82,89.19,0.21,48.19,2024-02-02 15:00:00,0,0,0,-6.33
TXN00785,49,414,111.73,64.75,0.18,42.01,2024-02-02 16:00:00,0,0,0,7.35
TXN00786,11,409,90.5,76.34,0.2,19.67,2024-02-02 17:00:00,0,0,0,-19.21
TXN00787,85,359,117.43,79.41,0.3,12.72,2024-02-02 18:00:00,1,0,0,9.43
TXN00788,26,340,73.08,77.98,0.13,22.68,2024-02-02 19:00:00,0,0,0,-0.52
TXN00789,63,389,102.53,85.01,0.24,20.67,2024-02-02 20:00:00,0,0,1,12.53
TXN00790,89,65,138.78,101.47,0.18,30.24,2024-02-02 21:00:00,0,0,0,18.19
TXN00791,86,478,79.99,96.23,0.13,41.11,2024-02-02 22:00:00,0,0,0,17.03
TXN00792,59,177,86.45,60.32,0.13,44.33,2024-02-02 23:00:00,0,0,0,16.37
TXN00793,27,3,110.28,89.33,0.29,43.79,2024-02-03 00:00:00,1,0,0,0.49
TXN00794,49,429,103.59,99.93,0.28,24.39,2024-02-03 01:00:00,0,0,0,-5.59
TXN00795,77,142,107.01,85.8,0.28,37.49,2024-02-03 02:00:00,0,0,0,-1.4
TXN00796,33,376,109.78,96.36,0.3,22.51,2024-02-03 03:00:00,0,0,0,7.6
TXN00797,98,158,112.69,110.18,0.14,12.44,2024-02-03 04:00:00,0,0,0,15.36
TXN00798,99,498,122.19,95.36,0.17,38.06,2024-02-03 05:00:00,1,0,0,-11.72
TXN00799,1,324,108.2,83.74,0.23,10.39,2024-02-03 06:00:00,0,0,0,16.73
TXN00800,21,146,95.17,95.68,0.2,26.37,2024-02-03 07:00:00,1,0,0,12.61
TXN00801,55,446,113.45,82.17,0.18,23.18,2024-02-03 08:00:00,0,0,0,19.15
TXN00802,6,293,138.0,80.36,0.17,37.74,2024-02-03 09:00:00,0,0,0,15.21
TXN00803,92,153,97.35,74.73,0.22,40.65,2024-02-03 10:00:00,0,0,0,-8.8
TXN00804,81,432,80.51,103.45,0.22,22.16,2024-02-03 11:00:00,0,0,0,-15.76
TXN00805,69,193,122.14,67.72,0.13,42.47,2024-02-03 12:00:00,0,0,0,-15.51
TXN00806,95,437,97.59,102.99,0.19,21.76,2024-02-03 13:00:00,0,0,0,-8.35
TXN00807,5,494,56.55,87.5,0.21,27.85,2024-02-03 14:00:00,0,0,0,4.57
TXN00808,3,463,116.95,59.01,0.21,39.08,2024-02-03 15:00:00,0,0,0,12.17
TXN00809,53,73,89.29,85.51,0.14,37.72,2024-02-03 16:00:00,0,0,0,15.97
TXN00810,23,399,98.19,48.5,0.25,49.49,2024-02-03 17:00:00,0,0,0,4.95
TXN00811,53,305,106.64,89.38,0.11,19.01,2024-02-03 18:00:00,1,0,0,-19.77
TXN00812,37,377,103.81,93.28,0.17,36.49,2024-02-03 19:00:00,0,1,0,-12.55
TXN00813,74,344,114.19,71.11,0.26,34.39,2024-02-03 20:00:00,0,0,0,-16.01
TXN00814,74,452,91.29,81.85,0.21,46.6,2024-02-03 21:00:00,0,0,0,-5.47
TXN00815,83,140,110.26,109.31,0.15,16.25,2024-02-03 22:00:00,0,0,0,0.05
TXN00816,17,187,94.81,72.41,0.24,40.07,2024-02-03 23:00:00,0,0,0,-18.26
TXN00817,85,293,114.78,64.12,0.21,32.73,2024-02-04 00:00:00,0,0,0,-6.06
TXN00818,78,61,112.31,102.22,0.26,20.99,2024-02-04 01:00:00,0,0,0,-12.83
TXN00819,73,485,81.29,109.44,0.25,28.98,2024-02-04 02:00:00,1,0,0,5.88
TXN00820,1,427,121.72,80.06,0.22,23.35,2024-02-04 03:00:00,0,0,0,-1.43
TXN00821,51,380,89.28,95.17,0.2,33.17,2024-02-04 04:00:00,0,0,1,-0.19
TXN00822,45,198,116.16,100.12,0.13,45.56,2024-02-04 05:00:00,0,0,0,-2.89
TXN00823,77,295,107.35,68.86,0.15,32.77,2024-02-04 06:00:00,0,0,0,18.24
TXN00824,4,440,136.76,72.72,0.18,35.27,2024-02-04 07:00:00,0,0,0,-11.41
TXN00825,62,319,95.53,98.46,0.22,30.75,2024-02-04 08:00:00,0,0,0,0.67
TXN00826,65,302,93.01,105.28,0.2,12.05,2024-02-04 09:00:00,0,0,0,9.44
TXN00827,32,344,99.61,88.44,0.16,19.31,2024-02-04 10:00:00,0,0,0,2.27
TXN00828,34,11,93.94,66.8,0.1,29.68,2024-02-04 11:00:00,0,0,0,17.16
TXN00829,92,62,116.0,109.81,0.2,22.41,2024-02-04 12:00:00,0,0,0,-4.88
TXN00830,95,333,67.67,72.04,0.16,17.27,2024-02-04 13:00:00,0,0,0,-1.45
TXN00831,72,226,78.93,74.97,0.25,30.17,2024-02-04 14:00:00,0,0,0,-16.46
TXN00832,39,153,78.64,85.14,0.1,22.91,2024-02-04 15:00:00,1,0,0,4.36
TXN00833,26,199,119.01,103.31,0.22,20.32,2024-02-04 16:00:00,0,0,0,-8.47
TXN00834,34,52,134.21,92.81,0.29,28.56,2024-02-04 17:00:00,0,0,0,-13.59
TXN00835,54,260,97.91,86.22,0.13,15.33,2024-02-04 18:00:00,0,0,0,1.78
TXN00836,3,59,96.62,86.95,0.19,47.11,2024-02-04 19:00:00,0,1,0,1.29
TXN00837,50,72,101.4,80.65,0.12,44.71,2024-02-04 20:00:00,0,0,0,-16.97
TXN00838,12,148,123.24,88.37,0.23,38.3,2024-02-04 21:00:00,0,0,0,7.93
TXN00839,65,349,81.45,42.06,0.21,14.25,2024-02-04 22:00:00,0,0,0,4.95
TXN00840,54,63,104.77,75.55,0.18,41.04,2024-02-04 23:00:00,0,0,0,-12.44
TXN00841,5,310,119.5,83.62,0.2,42.32,2024-02-05 00:00:00,0,0,0,-1.22
TXN00842,94,373,110.02,62.73,0.28,40.71,2024-02-05 01:00:00,0,0,0,8.81
TXN00843,94,243,103.79,85.79,0.14,14.56,2024-02-05 02:00:00,1,0,0,1.18
TXN00844,57,493,120.02,76.93,0.1,35.76,2024-02-05 03:00:00,0,0,0,-4.18
TXN00845,17,366,45.94,106.33,0.27,43.37,2024-02-05 04:00:00,0,0,0,-7.11
TXN00846,47,330,113.56,103.6,0.22,33.09,2024-02-05 05:00:00,0,0,0,4.42
TXN00847,23,107,86.92,73.01,0.28,35.86,2024-02-05 06:00:00,0,0,0,17.56
TXN00848,79,226,63.39,77.74,0.22,28.33,2024-02-05 07:00:00,0,0,0,6.87
TXN00849,85,313,110.22,78.89,0.26,31.15,2024-02-05 08:00:00,0,0,0,-17.01
TXN00850,14,218,127.47,73.23,0.19,11.38,2024-02-05 09:00:00,1,0,0,-1.57
TXN00851,66,425,97.25,82.93,0.25,35.56,2024-02-05 10:00:00,0,0,0,15.63
TXN00852,75,241,119.06,68.63,0.28,13.26,2024-02-05 11:00:00,0,0,0,-16.22
TXN00853,51,259,132.25,63.04,0.21,27.4,2024-02-05 12:00:00,0,0,0,19.56
TXN00854,38,376,126.3,89.34,0.14,21.71,2024-02-05 13:00:00,0,0,0,17.96
TXN00855,64,262,132.8,89.44,0.15,31.82,2024-02-05 14:00:00,0,0,0,-16.87
TXN00856,98,5,114.84,67.94,0.14,15.34,2024-02-05 15:00:00,1,0,0,17.34
TXN00857,38,261,101.51,93.43,0.15,37.67,2024-02-05 16:00:00,1,0,0,-5.47
TXN00858,50,54,67.96,70.53,0.16,41.8,2024-02-05 17:00:00,0,0,0,13.79
TXN00859,98,47,95.08,83.8,0.21,16.53,2024-02-05 18:00:00,0,0,0,-3.26
TXN00860,82,215,83.14,92.31,0.22,14.17,2024-02-05 19:00:00,0,0,0,-2.37
TXN00861,30,177,143.42,79.5,0.19,15.82,2024-02-05 20:00:00,0,0,0,5.37
TXN00862,79,9,96.48,86.82,0.22,45.09,2024-02-05 21:00:00,0,0,0,10.98
TXN00863,91,99,102.46,72.25,0.12,31.13,2024-02-05 22:00:00,0,0,0,-18.65
TXN00864,51,20,111.03,77.05,0.12,28.69,2024-02-05 23:00:00,0,0,0,3.73
TXN00865,63,378,100.87,76.91,0.13,14.27,2024-02-06 00:00:00,0,0,0,-12.53
TXN00866,98,241,133.9,68.8,0.2,35.98,2024-02-06 01:00:00,0,0,0,-6.16
TXN00867,52,61,87.55,77.35,0.14,44.72,2024-02-06 02:00:00,1,0,0,-6.08
TXN00868,38,379,103.89,56.77,0.16,43.13,2024-02-06 03:00:00,0,1,0,-1.24
TXN00869,97,490,85.15,72.63,0.18,35.04,2024-02-06 04:00:00,0,0,0,-6.63
TXN00870,88,419,73.6,75.73,0.26,13.01,2024-02-06 05:00:00,0,0,0,-15.71
TXN00871,79,178,87.76,76.16,0.1,14.5,2024-02-06 06:00:00,0,0,0,-14.17
TXN00872,30,338,99.26,76.38,0.23,11.97,2024-02-06 07:00:00,0,0,0,-18.66
TXN00873,51,62,91.41,79.07,0.23,20.3,2024-02-06 08:00:00,0,0,0,-1.19
TXN00874,81,145,86.15,87.19,0.26,15.43,2024-02-06 09:00:00,0,0,0,18.18
TXN00875,5,216,71.87,93.12,0.29,20.4,2024-02-06 10:00:00,0,0,0,-15.37
TXN00876,29,3,98.34,70.25,0.1,25.4,2024-02-06 11:00:00,0,0,0,17.85
TXN00877,4,160,69.91,61.95,0.13,47.72,2024-02-06 12:00:00,0,0,0,9.33
TXN00878,10,227,115.2,64.37,0.28,34.42,2024-02-06 13:00:00,0,0,0,5.5
TXN00879,56,486,101.65,72.69,0.19,43.4,2024-02-06 14:00:00,0,0,0,5.81
TXN00880,17,269,70.85,74.72,0.21,38.41,2024-02-06 15:00:00,0,0,0,13.07
TXN00881,74,120,93.82,68.45,0.23,14.5,2024-02-06 16:00:00,0,0,0,-15.72
TXN00882,17,381,84.96,60.56,0.24,39.44,2024-02-06 17:00:00,0,0,0,0.19
TXN00883,84,495,106.38,73.16,0.29,21.0,2024-02-06 18:00:00,0,0,0,7.88
TXN00884,88,89,126.81,82.72,0.3,35.56,2024-02-06 19:00:00,1,0,0,3.47
TXN00885,69,329,62.5,88.93,0.24,23.64,2024-02-06 20:00:00,0,0,0,13.31
TXN00886,34,68,102.3,71.64,0.16,49.91,2024-02-06 21:00:00,0,0,0,-17.11
TXN00887,6,398,96.8,73.81,0.28,20.54,2024-02-06 22:00:00,0,0,0,7.63
TXN00888,53,357,113.43,66.1,0.11,21.17,2024-02-06 23:00:00,0,0,0,1.36
TXN00889,66,98,104.26,79.53,0.15,47.23,2024-02-07 00:00:00,0,0,0,-4.83
TXN00890,77,267,84.96,67.27,0.28,10.99,2024-02-07 01:00:00,0,0,0,-6.39
TXN00891,43,105,93.62,88.6,0.15,37.87,2024-02-07 02:00:00,0,0,0,4.83
TXN00892,75,440,84.08,53.21,0.14,39.01,2024-02-07 03:00:00,0,0,0,15.64
TXN00893,23,323,121.52,74.61,0.13,43.46,2024-02-07 04:00:00,0,0,0,-0.15
TXN00894,55,123,100.43,84.52,0.27,48.98,2024-02-07 05:00:00,0,0,0,12.99
TXN00895,80,476,138.02,82.76,0.2,49.02,2024-02-07 06:00:00,0,0,0,-3.91
TXN00896,95,29,98.79,120.4,0.23,12.61,2024-02-07 07:00:00,0,0,0,-15.9
TXN00897,75,137,85.83,85.25,0.15,42.87,2024-02-07 08:00:00,0,0,0,-17.54
TXN00898,16,195,69.73,64.94,0.25,35.85,2024-02-07 09:00:00,0,0,0,-17.95
TXN00899,8,409,63.94,78.57,0.25,35.89,2024-02-07 10:00:00,0,0,0,-4.79
TXN00900,4,226,68.32,53.36,0.16,15.13,2024-02-07 11:00:00,0,0,0,-6.51
TXN00901,4,332,105.34,78.79,0.18,36.01,2024-02-07 12:00:00,1,0,0,8.72
TXN00902,56,170,110.17,67.5,0.14,49.3,2024-02-07 13:00:00,0,0,0,9.71
TXN00903,25,9,68.38,93.73,0.3,46.47,2024-02-07 14:00:00,0,0,0,-17.97
TXN00904,67,463,117.9,71.76,0.23,27.57,2024-02-07 15:00:00,0,0,0,-11.16
TXN00905,96,40,90.34,78.25,0.29,11.6,2024-02-07 16:00:00,0,0,0,-9.03
TXN00906,67,25,102.94,70.47,0.16,24.49,2024-02-07 17:00:00,1,0,0,1.9
TXN00907,27,261,132.24,106.08,0.26,43.06,2024-02-07 18:00:00,0,0,0,-14.22
TXN00908,93,395,117.94,75.18,0.25,38.06,2024-02-07 19:00:00,0,0,0,-14.64
TXN00909,32,443,94.63,107.49,0.24,28.37,2024-02-07 20:00:00,0,0,0,17.75
TXN00910,50,226,82.18,92.21,0.29,12.2,2024-02-07 21:00:00,0,0,0,12.17
TXN00911,61,472,56.96,87.23,0.18,27.08,2024-02-07 22:00:00,0,0,0,-12.77
TXN00912,51,124,85.62,85.53,0.13,28.76,2024-02-07 23:00:00,0,0,0,-3.74
TXN00913,19,463,95.78,85.91,0.23,47.14,2024-02-08 00:00:00,0,0,0,-5.78
TXN00914,21,38,80.26,51.08,0.25,35.64,2024-02-08 01:00:00,0,0,0,11.64
TXN00915,5,328,97.37,75.82,0.22,22.47,2024-02-08 02:00:00,0,0,0,0.41
TXN00916,82,251,101.54,92.68,0.14,31.01,2024-02-08 03:00:00,0,0,0,-14.89
TXN00917,92,389,95.5,79.27,0.2,12.64,2024-02-08 04:00:00,0,0,0,9.56
TXN00918,42,176,87.0,58.92,0.16,48.9,2024-02-08 05:00:00,0,0,0,-4.12
TXN00919,61,90,103.37,79.21,0.19,24.4,2024-02-08 06:00:00,0,0,0,-9.48
TXN00920,22,402,108.84,105.56,0.23,29.11,2024-02-08 07:00:00,0,1,0,-4.98
TXN00921,21,454,78.19,98.7,0.25,24.21,2024-02-08 08:00:00,0,0,0,-0.09
TXN00922,70,37,128.22,79.07,0.15,37.3,2024-02-08 09:00:00,0,0,0,-6.28
TXN00923,1,316,98.03,94.27,0.18,36.49,2024-02-08 10:00:00,1,1,0,-10.32
TXN00924,5,176,100.38,74.5,0.15,38.61,2024-02-08 11:00:00,0,0,0,-4.06
TXN00925,12,461,114.16,54.44,0.14,20.73,2024-02-08 12:00:00,0,0,0,-19.23
TXN00926,90,284,104.66,66.13,0.26,22.63,2024-02-08 13:00:00,0,0,0,10.9
TXN00927,46,453,119.06,103.44,0.28,15.01,2024-02-08 14:00:00,0,0,0,-13.16
TXN00928,34,461,105.74,75.89,0.17,36.22,2024-02-08 15:00:00,0,0,0,-18.24
TXN00929,49,81,87.75,76.35,0.25,11.59,2024-02-08 16:00:00,0,0,0,6.15
TXN00930,78,114,107.23,75.5,0.28,33.91,2024-02-08 17:00:00,0,0,0,10.96
TXN00931,90,40,77.13,108.56,0.27,44.79,2024-02-08 18:00:00,0,0,0,12.55
TXN00932,45,301,102.17,104.39,0.14,45.63,2024-02-08 19:00:00,0,0,0,-0.26
TXN00933,27,224,99.34,113.28,0.29,27.96,2024-02-08 20:00:00,1,0,0,-11.79
TXN00934,73,318,95.84,77.61,0.18,28.37,2024-02-08 21:00:00,0,0,0,9.49
TXN00935,26,349,97.43,84.43,0.17,13.08,2024-02-08 22:00:00,0,0,0,7.99
TXN00936,47,115,62.36,57.25,0.11,36.83,2024-02-08 23:00:00,0,0,0,-10.15
TXN00937,86,186,89.03,102.15,0.2,42.85,2024-02-09 00:00:00,0,0,1,16.14
TXN00938,56,323,101.86,62.48,0.12,19.79,2024-02-09 01:00:00,0,0,0,-15.83
TXN00939,94,56,103.2,83.25,0.15,26.85,2024-02-09 02:00:00,0,0,0,19.31
TXN00940,63,40,79.45,63.54,0.16,43.55,2024-02-09 03:00:00,0,0,0,14.41
TXN00941,48,354,125.31,71.17,0.26,45.08,2024-02-09 04:00:00,0,0,0,7.52
TXN00942,61,40,82.68,67.44,0.28,19.73,2024-02-09 05:00:00,0,0,0,17.55
TXN00943,81,347,119.39,70.88,0.16,32.02,2024-02-09 06:00:00,0,1,0,8.89
TXN00944,26,461,108.54,71.91,0.27,17.7,2024-02-09 07:00:00,0,0,0,-12.38
TXN00945,36,237,87.08,71.78,0.27,14.08,2024-02-09 08:00:00,0,0,1,-2.31
TXN00946,1,289,135.51,92.5,0.25,46.44,2024-02-09 09:00:00,0,0,0,-17.14
TXN00947,8,262,76.13,63.43,0.13,42.82,2024-02-09 10:00:00,0,0,0,-4.41
TXN00948,99,216,118.38,83.31,0.24,40.4,2024-02-09 11:00:00,0,0,0,9.66
TXN00949,52,147,120.01,98.27,0.29,11.95,2024-02-09 12:00:00,0,0,0,-4.54
TXN00950,79,336,86.59,72.3,0.24,43.75,2024-02-09 13:00:00,0,0,0,-6.79
TXN00951,47,168,127.85,69.23,0.17,27.52,2024-02-09 14:00:00,0,0,0,3.81
TXN00952,56,92,95.0,76.54,0.2,23.7,2024-02-09 15:00:00,0,0,0,14.89
TXN00953,86,353,105.77,97.7,0.23,31.86,2024-02-09 16:00:00,0,0,0,-18.1
TXN00954,14,59,105.21,82.91,0.2,13.65,2024-02-09 17:00:00,0,0,0,-4.58
TXN00955,90,59,97.31,72.03,0.12,40.27,2024-02-09 18:00:00,0,0,0,-13.67
TXN00956,28,304,116.22,87.26,0.16,33.3,2024-02-09 19:00:00,0,0,0,7.81
TXN00957,87,169,115.87,63.47,0.26,17.46,2024-02-09 20:00:00,0,0,0,-15.77
TXN00958,78,269,65.03,90.22,0.27,17.53,2024-02-09 21:00:00,0,1,0,6.59
TXN00959,88,363,126.09,86.13,0.13,17.37,2024-02-09 22:00:00,0,0,0,-8.55
TXN00960,2,45,66.75,75.38,0.29,12.28,2024-02-09 23:00:00,0,0,0,-12.04
TXN00961,26,345,120.65,67.42,0.17,33.51,2024-02-10 00:00:00,1,0,0,17.45
TXN00962,14,181,122.53,66.7,0.23,43.61,2024-02-10 01:00:00,0,0,0,-19.26
TXN00963,59,170,78.18,88.02,0.25,10.7,2024-02-10 02:00:00,0,0,0,-2.49
TXN00964,56,356,91.78,98.43,0.26,11.96,2024-02-10 03:00:00,0,0,0,-19.13
TXN00965,7,191,77.89,70.44,0.29,32.91,2024-02-10 04:00:00,0,0,0,-0.66
TXN00966,3,155,95.7,86.88,0.16,42.78,2024-02-10 05:00:00,0,0,0,0.04
TXN00967,23,422,93.84,48.69,0.27,23.07,2024-02-10 06:00:00,0,0,0,-7.13
TXN00968,18,188,115.59,71.23,0.13,23.98,2024-02-10 07:00:00,0,0,0,-14.71
TXN00969,38,7,126.21,79.53,0.24,33.85,2024-02-10 08:00:00,0,0,0,-4.94
TXN00970,99,133,127.91,66.35,0.25,20.97,2024-02-10 09:00:00,0,0,0,6.89
TXN00971,15,235,88.76,65.95,0.24,11.06,2024-02-10 10:00:00,0,0,0,11.3
TXN00972,64,45,95.82,69.98,0.15,39.41,2024-02-10 11:00:00,0,0,0,1.23
TXN00973,89,314,66.33,84.38,0.27,35.03,2024-02-10 12:00:00,0,0,0,3.59
TXN00974,28,249,83.88,77.19,0.13,33.23,2024-02-10 13:00:00,0,0,0,-11.98
TXN00975,74,499,119.3,46.43,0.11,39.67,2024-02-10 14:00:00,0,0,0,-8.51
TXN00976,39,31,132.31,48.19,0.24,37.01,2024-02-10 15:00:00,0,0,0,-13.52
TXN00977,57,23,75.31,70.9,0.2,18.24,2024-02-10 16:00:00,0,0,0,-10.03
TXN00978,17,426,88.15,86.87,0.27,24.1,2024-02-10 17:00:00,0,0,0,-11.0
TXN00979,86,394,99.47,38.79,0.18,15.04,2024-02-10 18:00:00,0,0,0,0.78
TXN00980,90,160,105.6,72.5,0.13,15.19,2024-02-10 19:00:00,0,0,0,2.51
TXN00981,44,363,83.81,72.11,0.27,37.05,2024-02-10 20:00:00,0,0,0,17.8
TXN00982,25,437,108.48,100.83,0.21,44.34,2024-02-10 21:00:00,0,0,0,-12.18
TXN00983,17,158,90.52,74.22,0.14,48.51,2024-02-10 22:00:00,0,0,0,5.67
TXN00984,13,39,99.71,85.74,0.24,35.13,2024-02-10 23:00:00,0,0,0,12.69
TXN00985,84,415,110.93,82.12,0.2,17.36,2024-02-11 00:00:00,0,0,0,2.41
TXN00986,25,82,100.13,48.04,0.22,14.23,2024-02-11 01:00:00,0,0,0,-9.8
TXN00987,68,356,91.27,91.52,0.19,42.51,2024-02-11 02:00:00,0,0,0,-9.5
TXN00988,10,258,97.81,83.23,0.27,33.15,2024-02-11 03:00:00,0,0,0,-18.43
TXN00989,67,206,98.23,87.62,0.27,34.73,2024-02-11 04:00:00,0,0,0,-7.78
TXN00990,18,77,92.6,138.89,0.24,41.26,2024-02-11 05:00:00,0,0,0,9.78
TXN00991,86,477,94.82,48.74,0.12,38.13,2024-02-11 06:00:00,0,0,0,-18.1
TXN00992,34,12,131.97,105.87,0.27,43.38,2024-02-11 07:00:00,0,0,0,-11.23
TXN00993,8,295,111.22,75.69,0.23,12.25,2024-02-11 08:00:00,0,0,0,8.25
TXN00994,40,450,94.09,84.31,0.24,39.9,2024-02-11 09:00:00,0,0,0,11.31
TXN00995,83,224,113.94,79.32,0.17,44.03,2024-02-11 10:00:00,0,0,0,-1.79
TXN00996,42,13,93.32,73.64,0.28,21.45,2024-02-11 11:00:00,0,0,0,7.92
TXN00997,41,46,123.46,71.45,0.25,35.62,2024-02-11 12:00:00,0,0,0,-4.48
TXN00998,6,155,107.39,84.94,0.12,22.57,2024-02-11 13:00:00,0,0,0,-13.6
TXN00999,52,113,97.85,57.24,0.18,48.32,2024-02-11 14:00:00,0,0,0,-4.07
TXN01000,26,233,108.95,91.26,0.28,11.34,2024-02-11 15:00:00,0,0,0,3.2
